/*
SQLyog Ultimate v9.63 
MySQL - 5.5.5-10.2.8-MariaDB : Database - bawaslu
*********************************************************************
*/

/*!40101 SET NAMES utf8 */;

/*!40101 SET SQL_MODE=''*/;

/*!40014 SET @OLD_UNIQUE_CHECKS=@@UNIQUE_CHECKS, UNIQUE_CHECKS=0 */;
/*!40014 SET @OLD_FOREIGN_KEY_CHECKS=@@FOREIGN_KEY_CHECKS, FOREIGN_KEY_CHECKS=0 */;
/*!40101 SET @OLD_SQL_MODE=@@SQL_MODE, SQL_MODE='NO_AUTO_VALUE_ON_ZERO' */;
/*!40111 SET @OLD_SQL_NOTES=@@SQL_NOTES, SQL_NOTES=0 */;
/*Table structure for table `bukti` */

DROP TABLE IF EXISTS `bukti`;

CREATE TABLE `bukti` (
  `id` varchar(50) NOT NULL,
  `no_bukti` varchar(50) DEFAULT NULL,
  `nama_bukti` varchar(100) DEFAULT NULL,
  `nilai_bukti` bigint(20) DEFAULT NULL,
  `lampiran` varchar(255) DEFAULT NULL,
  `id_tindak_lanjut` varchar(50) DEFAULT NULL,
  `created_at` datetime DEFAULT NULL,
  `updated_at` datetime DEFAULT NULL,
  `deleted_at` datetime DEFAULT NULL,
  PRIMARY KEY (`id`),
  KEY `id_tindak_lanjut` (`id_tindak_lanjut`)
) ENGINE=InnoDB DEFAULT CHARSET=latin1;

/*Data for the table `bukti` */

/*Table structure for table `eselon` */

DROP TABLE IF EXISTS `eselon`;

CREATE TABLE `eselon` (
  `id` varchar(50) NOT NULL,
  `nama` varchar(100) NOT NULL,
  `level_eselon` varchar(50) DEFAULT NULL,
  `id_parent` varchar(50) NOT NULL,
  `created_at` datetime DEFAULT NULL,
  `updated_at` datetime DEFAULT NULL,
  `deleted_at` datetime DEFAULT NULL,
  PRIMARY KEY (`id`)
) ENGINE=InnoDB DEFAULT CHARSET=latin1;

/*Data for the table `eselon` */

insert  into `eselon`(`id`,`nama`,`level_eselon`,`id_parent`,`created_at`,`updated_at`,`deleted_at`) values ('00564381-73c9-81b1-f991-188c12f751ad','KAB. YALIMO','3','2937c367-1c31-6c75-9469-24e482dae42b',NULL,NULL,NULL),('00961566-96e7-aead-d52a-aac289e3994c','KAB. HALMAHERA UTARA','3','f1c20917-aa21-c1e2-d939-bf26569ad945',NULL,NULL,NULL),('0098199d-3f4c-81f8-c961-c9ee028d9d33','KAB. TOLIKARA','3','2937c367-1c31-6c75-9469-24e482dae42b',NULL,NULL,NULL),('025ed424-5f6d-65d8-beba-e3829cf18bef','KAB. KEPULAUAN MENTAWAI','3','bfb4dfa0-3a34-7a82-121d-63ab0ed1c5da',NULL,NULL,NULL),('038670f1-c400-4510-0890-8daa0524c915','KAB. RAJA AMPAT','3','89786e68-25be-533c-33a2-8654fa3f61eb',NULL,NULL,NULL),('041e76fb-c566-64ed-704b-600c8b2febb9','KAB. MELAWI','3','a135f829-6806-31a1-5301-a239059daba9',NULL,NULL,NULL),('0536f58d-87ca-124f-dc96-1e70e501a70c','KOTA KOTAMOBAGU','3','0bc526ae-bea1-6970-2bc1-790491d2bcd9',NULL,NULL,NULL),('0592244b-7a78-bcbd-2169-2e8ad15077e3','KAB. DHARMASRAYA','3','bfb4dfa0-3a34-7a82-121d-63ab0ed1c5da',NULL,NULL,NULL),('06524236-26b2-52b6-f24b-3b02ca0e72a6','KAB. ASAHAN','3','29d9f0b1-4acd-14ce-2299-fdc0955249c5',NULL,NULL,NULL),('0653164c-92d7-3528-1f18-f3f167c89274','KAB. MANOKWARI','3','89786e68-25be-533c-33a2-8654fa3f61eb',NULL,NULL,NULL),('068f6d9b-1f60-c338-828b-8618f17d3aa7','KAB. SUMBAWA','3','f98aaec4-1760-b54a-371b-74916ab57907',NULL,NULL,NULL),('0772df7a-3620-189f-d56b-4e4385ae50ec','KAB. DELI SERDANG','3','29d9f0b1-4acd-14ce-2299-fdc0955249c5',NULL,NULL,NULL),('079c23bd-d0eb-dc13-0f03-2cbcb23cbe06','KAB. LAMONGAN','3','3acf39d8-a0c6-9305-e2b7-a16c098b83f2',NULL,NULL,NULL),('07d0097f-c0aa-002c-db4b-1c23c4e5b4cb','KAB. JOMBANG','3','3acf39d8-a0c6-9305-e2b7-a16c098b83f2',NULL,NULL,NULL),('07d755ec-9352-afab-1b43-c99183189ca0','KAB. PENUKAL ABAB LEMATANG ILIR','3','f04095be-cab9-781a-5bd5-a8d1fd18900b',NULL,NULL,NULL),('083d9190-e5b4-0938-9ef6-9ab8f181987d','KOTA BEKASI','3','36109687-c026-4408-da53-e0feed143a16',NULL,NULL,NULL),('097966e8-5499-f258-9fff-74a977649803','KAB. MAHAKAM ULU','3','6caaeef9-cae6-e731-58cf-300a7465b7b0',NULL,NULL,NULL),('0a3e455a-eb29-345c-1234-99885682eb58','KAB. DEMAK','3','36bfd7b6-d198-e3bd-0a31-20a446a61c6f',NULL,NULL,NULL),('0abadce1-9de2-cfdc-7c8f-f4776209d702','KAB. GARUT','3','36109687-c026-4408-da53-e0feed143a16',NULL,NULL,NULL),('0ac657b4-20b2-2049-5034-bf6ddc1f2eb9','KAB. BALANGAN','3','44790218-e4cc-55bb-f98b-f77869a77856',NULL,NULL,NULL),('0ad2b304-83a4-97b0-d58e-0d82e3f175bb','KAB. BENGKULU UTARA','3','1c49bc0b-e665-8845-670f-d8f6402179c4',NULL,NULL,NULL),('0b5609c4-c6e7-1651-04e2-9bb2c9933797','KAB. PENAJAM PASER UTARA','3','6caaeef9-cae6-e731-58cf-300a7465b7b0',NULL,NULL,NULL),('0b9dce75-1fe5-405e-8f48-0f37dd8da61b','KAB. BONE','3','e7e1334e-a815-befc-de7c-59e0614a4790',NULL,NULL,NULL),('0bc526ae-bea1-6970-2bc1-790491d2bcd9','Sulawesi Utara','2','4085c7a3-4fb1-c7f6-4762-54808678fd5c',NULL,NULL,NULL),('0bfa6160-89d8-3bf4-ce17-33efb9f8c594','KAB. BOJONEGORO','3','3acf39d8-a0c6-9305-e2b7-a16c098b83f2',NULL,NULL,NULL),('0c3d457c-9333-5844-55b9-d05c4456159d','KAB. SIDOARJO','3','3acf39d8-a0c6-9305-e2b7-a16c098b83f2',NULL,NULL,NULL),('0cd00047-228f-bd86-77f2-d6b9e12425ec','KAB. ACEH TAMIANG','3','7f7f03e5-29ea-dfc6-ba8c-c88834f07c20',NULL,NULL,NULL),('0d2b03a3-8ed4-a02f-e58a-bdda4c973d71','KAB. TOJO UNA UNA','3','f7ddb2e1-d342-771e-54af-7a1336584fa5',NULL,NULL,NULL),('0da0acb5-c979-db33-eb84-53ecf2af3b25','KAB. LOMBOK TENGAH','3','f98aaec4-1760-b54a-371b-74916ab57907',NULL,NULL,NULL),('0e37936a-91eb-654c-431a-afde73b82466','KOTA SOLOK','3','bfb4dfa0-3a34-7a82-121d-63ab0ed1c5da',NULL,NULL,NULL),('0e940bc3-3d0e-292e-6fc6-1f0a145212e7','KAB. BENGKAYANG','3','a135f829-6806-31a1-5301-a239059daba9',NULL,NULL,NULL),('0f649961-1e90-0a31-d0fa-930f04d73e81','KAB. MEMPAWAH','3','a135f829-6806-31a1-5301-a239059daba9',NULL,NULL,NULL),('0f7cf8bc-205b-f7aa-7458-f5dcb0abb6f2','KAB. MALINAU','3','4eccec71-97f1-1e03-994a-bf47e9d5f6f6',NULL,NULL,NULL),('0f8be4af-1d51-3985-650e-36ac9e88edcd','KAB. ACEH UTARA','3','7f7f03e5-29ea-dfc6-ba8c-c88834f07c20',NULL,NULL,NULL),('0fab5b2d-9df6-cf94-ecd1-95cb7dc8e71d','KOTA PALOPO','3','e7e1334e-a815-befc-de7c-59e0614a4790',NULL,NULL,NULL),('100787b8-2586-075d-849b-4ed923e6da8b','KOTA TARAKAN','3','4eccec71-97f1-1e03-994a-bf47e9d5f6f6',NULL,NULL,NULL),('10f898c6-34d6-7964-aefa-dc883ae1c103','KAB. JAYAWIJAYA','3','2937c367-1c31-6c75-9469-24e482dae42b',NULL,NULL,NULL),('1146943d-1e06-f95e-a559-9f5d4398a258','KOTA BONTANG','3','6caaeef9-cae6-e731-58cf-300a7465b7b0',NULL,NULL,NULL),('1178e50c-5ea2-131b-1322-2d981d92b807','KAB. PRINGSEWU','3','213d020c-2562-6b47-636b-4c7266b47ba9',NULL,NULL,NULL),('11e6401d-091e-04a4-70b6-eaf997df792a','KAB. KAPUAS HULU','3','a135f829-6806-31a1-5301-a239059daba9',NULL,NULL,NULL),('12b3bc03-61d0-5903-522a-715e4aaffa74','KAB. TASIKMALAYA','3','36109687-c026-4408-da53-e0feed143a16',NULL,NULL,NULL),('12d9375c-f5cd-bea7-b516-e379858af723','KAB. GRESIK','3','3acf39d8-a0c6-9305-e2b7-a16c098b83f2',NULL,NULL,NULL),('1364cc83-482b-3feb-3cdb-fcc2b7f8af54','KAB. MAMUJU TENGAH','3','efcf1428-45b3-dec2-f4ec-6620b3396a93',NULL,NULL,NULL),('137c0699-fd84-0943-2ce0-6c102ebb6385','KAB. PELALAWAN','3','33f9ac47-d559-fa02-9b62-e2e532b9c88f',NULL,NULL,NULL),('1443b273-f9b6-e5a2-3a77-15ff52e38a87','KAB. MAMBERAMO RAYA','3','2937c367-1c31-6c75-9469-24e482dae42b',NULL,NULL,NULL),('1635ac6c-440e-344c-3abe-47186c50d26e','KOTA PALU','3','f7ddb2e1-d342-771e-54af-7a1336584fa5',NULL,NULL,NULL),('167c0c93-d51d-9857-8956-5a1b54fcbfa3','KAB. KAIMANA','3','89786e68-25be-533c-33a2-8654fa3f61eb',NULL,NULL,NULL),('170e3522-174e-28cf-c64b-813308ece989','KAB. WAY KANAN','3','213d020c-2562-6b47-636b-4c7266b47ba9',NULL,NULL,NULL),('1734a044-016d-35bb-9361-dbfc52024cc9','KAB. REMBANG','3','36bfd7b6-d198-e3bd-0a31-20a446a61c6f',NULL,NULL,NULL),('1757730c-2d9d-bebf-c07a-bcfe83c0923c','KAB. SANGGAU','3','a135f829-6806-31a1-5301-a239059daba9',NULL,NULL,NULL),('18020fa7-efc7-9ae8-c6c9-f959ea3962ef','KOTA PEKALONGAN','3','36bfd7b6-d198-e3bd-0a31-20a446a61c6f',NULL,NULL,NULL),('18cc0045-8d26-f012-17d5-40a4f5ff96d3','KAB. CILACAP','3','36bfd7b6-d198-e3bd-0a31-20a446a61c6f',NULL,NULL,NULL),('1928c6db-4ad5-72fa-1774-83302fb17b39','KAB. BANDUNG','3','36109687-c026-4408-da53-e0feed143a16',NULL,NULL,NULL),('19372ec9-85b0-b60b-14db-414ffa4e4054','KAB. OGAN ILIR','3','f04095be-cab9-781a-5bd5-a8d1fd18900b',NULL,NULL,NULL),('1954a2e8-58a7-6c4c-508e-0d8a9f578f51','KAB. WAKATOBI','3','a1e899a8-e6e1-39e6-560d-1c2d58935807',NULL,NULL,NULL),('1a11155e-347f-2f53-4ceb-d9e424a717fe','Jambi','2','4085c7a3-4fb1-c7f6-4762-54808678fd5c',NULL,NULL,NULL),('1a596450-ee11-9a23-4847-2b2c7bad24d4','DKI Jakarta','2','4085c7a3-4fb1-c7f6-4762-54808678fd5c',NULL,NULL,NULL),('1a67d291-d718-3372-f232-4aa5c67cff14','KAB. MIMIKA','3','2937c367-1c31-6c75-9469-24e482dae42b',NULL,NULL,NULL),('1b0398f2-af15-306b-1943-8a20bedba9c8','KAB. PATI','3','36bfd7b6-d198-e3bd-0a31-20a446a61c6f',NULL,NULL,NULL),('1b2b47b7-e20e-1db6-d1eb-edc855da72c3','KOTA MADIUN','3','3acf39d8-a0c6-9305-e2b7-a16c098b83f2',NULL,NULL,NULL),('1bb57280-a1f3-71bc-20d0-71e6bd7e0772','KAB. GUNUNG MAS','3','65e34b00-70b0-3cba-765c-3e4ff05d2b83',NULL,NULL,NULL),('1c49bc0b-e665-8845-670f-d8f6402179c4','Bengkulu','2','4085c7a3-4fb1-c7f6-4762-54808678fd5c',NULL,NULL,NULL),('1c63b5aa-3b86-2627-063c-cb40b3276076','KAB. OGAN KOMERING ULU TIMUR','3','f04095be-cab9-781a-5bd5-a8d1fd18900b',NULL,NULL,NULL),('1cf0d5b3-1038-9ea8-48aa-5f427c0f50e0','KOTA CIMAHI','3','36109687-c026-4408-da53-e0feed143a16',NULL,NULL,NULL),('1d1183b3-4744-8c81-0142-bc91539d349a','KAB. MALUKU TENGGARA','3','a11b338c-e0ee-1e66-ffb9-eddc1aee26d7',NULL,NULL,NULL),('1d2ebb6d-23f0-e784-e5ef-b547e0976b38','KAB. SARMI','3','2937c367-1c31-6c75-9469-24e482dae42b',NULL,NULL,NULL),('1f6a1125-502e-d185-3800-5967d1cfa55e','Nusa Tenggara Timur','2','4085c7a3-4fb1-c7f6-4762-54808678fd5c',NULL,NULL,NULL),('1f918234-bd51-1db3-cfcc-1d5629e4dc2e','KAB. TEGAL','3','36bfd7b6-d198-e3bd-0a31-20a446a61c6f',NULL,NULL,NULL),('1fd2f3a8-9c00-d8e9-a8c2-8d78cd93ce10','KAB. SABU RAIJUA','3','1f6a1125-502e-d185-3800-5967d1cfa55e',NULL,NULL,NULL),('20ab1e67-0b9d-8064-07e3-e757b657197c','KAB. BONE BOLANGO','3','39cd1afe-e53a-4849-7f32-c45f099a4883',NULL,NULL,NULL),('213d020c-2562-6b47-636b-4c7266b47ba9','Lampung','2','4085c7a3-4fb1-c7f6-4762-54808678fd5c',NULL,NULL,NULL),('214771b5-b32d-f410-2d62-9fc6b1a21f6f','KAB. TELUK WONDAMA','3','89786e68-25be-533c-33a2-8654fa3f61eb',NULL,NULL,NULL),('2199ae1a-8587-269c-f492-78b29a4c45a8','KAB. SINTANG','3','a135f829-6806-31a1-5301-a239059daba9',NULL,NULL,NULL),('22913f46-a5de-a0ef-a3d2-fd57a6284d3b','KAB. TAPIN','3','44790218-e4cc-55bb-f98b-f77869a77856',NULL,NULL,NULL),('2363d649-e889-163b-d449-b298f4b65f09','KOTA SABANG','3','7f7f03e5-29ea-dfc6-ba8c-c88834f07c20',NULL,NULL,NULL),('2373c11e-51ab-761f-5a3d-8161270dacbc','KAB. MINAHASA UTARA','3','0bc526ae-bea1-6970-2bc1-790491d2bcd9',NULL,NULL,NULL),('24236913-3217-c138-637d-216e6a65bbd1','KAB. TAKALAR','3','e7e1334e-a815-befc-de7c-59e0614a4790',NULL,NULL,NULL),('24419bfc-79d0-d2de-5e7c-349f5a22222c','KOTA BATAM','3','f15cc58f-cf24-d493-8eb0-1ebb5904aa72',NULL,NULL,NULL),('249e42ff-43e4-edcf-21ea-1b97c51fe17c','KAB. KAPUAS','3','65e34b00-70b0-3cba-765c-3e4ff05d2b83',NULL,NULL,NULL),('24d8ab27-9ea8-04f7-d9bc-5dfef07247a2','KAB. SIMALUNGUN','3','29d9f0b1-4acd-14ce-2299-fdc0955249c5',NULL,NULL,NULL),('24fbe092-b310-cd8c-c2d6-076410d31e36','KAB. LEBAK','3','295a1289-0da2-835f-09fc-93ce0600e92e',NULL,NULL,NULL),('25b7281f-93b3-fe3d-f82d-648a6492f023','KAB. KLUNGKUNG','3','49b3252a-5b00-8645-b096-d1b93f3a257d',NULL,NULL,NULL),('262e760a-422e-ffd1-4d7c-6b268ee0313e','KAB. MALUKU TENGAH','3','a11b338c-e0ee-1e66-ffb9-eddc1aee26d7',NULL,NULL,NULL),('26f5aab9-afaf-b5ca-68a4-372d3020106a','KOTA TASIKMALAYA','3','36109687-c026-4408-da53-e0feed143a16',NULL,NULL,NULL),('26f65d67-81a7-75a1-1817-b39d0b1f353d','KAB. BANGKA TENGAH','3','3b2d9cff-c26a-0468-9595-17e92fa236e2',NULL,NULL,NULL),('27034bc2-adc4-b3e7-c81d-6147d9ce7264','KAB. MADIUN','3','3acf39d8-a0c6-9305-e2b7-a16c098b83f2',NULL,NULL,NULL),('2842e0e9-5edf-468f-a102-08bfa9ac7311','KAB. CIREBON','3','36109687-c026-4408-da53-e0feed143a16',NULL,NULL,NULL),('288aef81-fc61-a18f-92bb-198efc5250e6','KAB. BANDUNG BARAT','3','36109687-c026-4408-da53-e0feed143a16',NULL,NULL,NULL),('2937c367-1c31-6c75-9469-24e482dae42b','Papua Barat','2','4085c7a3-4fb1-c7f6-4762-54808678fd5c',NULL,NULL,NULL),('295a1289-0da2-835f-09fc-93ce0600e92e','Banten','2','4085c7a3-4fb1-c7f6-4762-54808678fd5c',NULL,NULL,NULL),('29d9f0b1-4acd-14ce-2299-fdc0955249c5','Sumatera Utara','2','4085c7a3-4fb1-c7f6-4762-54808678fd5c',NULL,NULL,NULL),('2a211026-0717-cbef-7a74-831ab7bfca2c','KAB. TAPANULI SELATAN','3','29d9f0b1-4acd-14ce-2299-fdc0955249c5',NULL,NULL,NULL),('2a895130-6548-eafc-6209-748580b84cba','KAB. INDRAGIRI HILIR','3','33f9ac47-d559-fa02-9b62-e2e532b9c88f',NULL,NULL,NULL),('2ad7f588-0298-861b-6eb5-a2456d1631de','KAB. MANGGARAI','3','1f6a1125-502e-d185-3800-5967d1cfa55e',NULL,NULL,NULL),('2c382985-a1a0-0af3-97e6-5cef3ed5980c','KAB. PULANG PISAU','3','65e34b00-70b0-3cba-765c-3e4ff05d2b83',NULL,NULL,NULL),('2c42f2aa-2e0f-93ce-8ced-f52dfea8263c','KAB. LAMANDAU','3','65e34b00-70b0-3cba-765c-3e4ff05d2b83',NULL,NULL,NULL),('2c6fd503-0682-1e68-4435-61a4fe946c51','KAB. BELU','3','1f6a1125-502e-d185-3800-5967d1cfa55e',NULL,NULL,NULL),('2d0f3edc-b5c6-fd4b-49c6-2f450b34a6f6','KAB. MAROS','3','e7e1334e-a815-befc-de7c-59e0614a4790',NULL,NULL,NULL),('2d474eb3-1ef1-2739-5abf-2ae1b78d77a1','KAB. NIAS SELATAN','3','29d9f0b1-4acd-14ce-2299-fdc0955249c5',NULL,NULL,NULL),('2d4773b5-d0a9-dd57-50cb-62682124024b','KAB. SIDENRENG RAPPANG','3','e7e1334e-a815-befc-de7c-59e0614a4790',NULL,NULL,NULL),('2de75947-028b-fef4-b270-55c0a884aeca','KAB. ACEH TIMUR','3','7f7f03e5-29ea-dfc6-ba8c-c88834f07c20',NULL,NULL,NULL),('2e1e73b8-61e8-5569-7e96-dd5c8f82eb49','KAB. SUMBA TENGAH','3','1f6a1125-502e-d185-3800-5967d1cfa55e',NULL,NULL,NULL),('2e90ff34-db2e-fa33-0bab-ded6c472a9ea','KOTA KUPANG','3','1f6a1125-502e-d185-3800-5967d1cfa55e',NULL,NULL,NULL),('2ea5ad60-4e88-986b-d663-76be499e9c30','KAB. BIREUEN','3','7f7f03e5-29ea-dfc6-ba8c-c88834f07c20',NULL,NULL,NULL),('2efd778b-3e92-56bd-f282-f3225f318d6c','KAB. ROKAN HILIR','3','33f9ac47-d559-fa02-9b62-e2e532b9c88f',NULL,NULL,NULL),('300c44f6-f1e8-dee3-35e8-8209ca06c0af','KOTA BUKITTINGGI','3','bfb4dfa0-3a34-7a82-121d-63ab0ed1c5da',NULL,NULL,NULL),('310be982-b146-008d-31d7-cad9202a0a43','KOTA MANADO','3','0bc526ae-bea1-6970-2bc1-790491d2bcd9',NULL,NULL,NULL),('3152c3a9-7d55-d6e0-33d0-67f79d797248','KAB. TIMOR TENGAH UTARA','3','1f6a1125-502e-d185-3800-5967d1cfa55e',NULL,NULL,NULL),('31da33ca-0baf-0222-ffe5-4dd4a483b3a2','KOTA CIREBON','3','36109687-c026-4408-da53-e0feed143a16',NULL,NULL,NULL),('32b2a1d8-2443-826e-9666-12c222bc3144','KAB. KOTAWARINGIN BARAT','3','65e34b00-70b0-3cba-765c-3e4ff05d2b83',NULL,NULL,NULL),('32e05b52-2aea-c3fd-0621-bb1150756bfc','KOTA DENPASAR','3','49b3252a-5b00-8645-b096-d1b93f3a257d',NULL,NULL,NULL),('32f5c1b4-ee1c-986c-5f5e-ac81008a7119','KAB. LANGKAT','3','29d9f0b1-4acd-14ce-2299-fdc0955249c5',NULL,NULL,NULL),('33ed4170-afcb-000f-d5bc-93c2459f7a7e','KAB. TAMBRAUW','3','89786e68-25be-533c-33a2-8654fa3f61eb',NULL,NULL,NULL),('33f66d99-7055-b751-0f7b-f6bce6d8f63e','KAB. BUNGO','3','1a11155e-347f-2f53-4ceb-d9e424a717fe',NULL,NULL,NULL),('33f9ac47-d559-fa02-9b62-e2e532b9c88f','Riau','2','4085c7a3-4fb1-c7f6-4762-54808678fd5c',NULL,NULL,NULL),('34a5d419-9cc5-2ebc-83d8-3000e627f1ec','KAB. ASMAT','3','2937c367-1c31-6c75-9469-24e482dae42b',NULL,NULL,NULL),('34fbb227-7bba-a1f4-7e8e-37c70134d03a','KOTA PASURUAN','3','3acf39d8-a0c6-9305-e2b7-a16c098b83f2',NULL,NULL,NULL),('355456e8-1b63-3390-a0be-6bd0e87a9b98','KAB. BUTON','3','a1e899a8-e6e1-39e6-560d-1c2d58935807',NULL,NULL,NULL),('35c79253-2095-aa55-7b46-a49b94f57c5c','KAB. KONAWE KEPULAUAN','3','a1e899a8-e6e1-39e6-560d-1c2d58935807',NULL,NULL,NULL),('36109687-c026-4408-da53-e0feed143a16','Jawa Barat','2','4085c7a3-4fb1-c7f6-4762-54808678fd5c',NULL,NULL,NULL),('36a03e58-98ef-b9e4-3f18-d54875336b57','KOTA SUNGAI PENUH','3','1a11155e-347f-2f53-4ceb-d9e424a717fe',NULL,NULL,NULL),('36bfd7b6-d198-e3bd-0a31-20a446a61c6f','Jawa Tengah','2','4085c7a3-4fb1-c7f6-4762-54808678fd5c',NULL,NULL,NULL),('37160c77-b1a3-0229-ed12-e21bfaa564a0','KAB. PEGUNUNGAN ARFAK','3','89786e68-25be-533c-33a2-8654fa3f61eb',NULL,NULL,NULL),('38933c8f-791f-3881-0717-24f0b23118a5','KAB. NGANJUK','3','3acf39d8-a0c6-9305-e2b7-a16c098b83f2',NULL,NULL,NULL),('39570f40-5e6f-6335-2863-5577933acf56','KAB. PADANG LAWAS UTARA','3','29d9f0b1-4acd-14ce-2299-fdc0955249c5',NULL,NULL,NULL),('398f1876-88e6-b4d2-21dc-8e78884f04ee','KAB. NATUNA','3','f15cc58f-cf24-d493-8eb0-1ebb5904aa72',NULL,NULL,NULL),('3995a5dc-ac20-316e-927d-df9c5afeec12','KAB. PASAMAN BARAT','3','bfb4dfa0-3a34-7a82-121d-63ab0ed1c5da',NULL,NULL,NULL),('39cd1afe-e53a-4849-7f32-c45f099a4883','Gorontalo','2','4085c7a3-4fb1-c7f6-4762-54808678fd5c',NULL,NULL,NULL),('39ce6762-6d3a-f41c-706c-35546ce4faae','KAB. JEMBRANA','3','49b3252a-5b00-8645-b096-d1b93f3a257d',NULL,NULL,NULL),('3a4fd51b-38d2-4d8f-5211-e73601d122ca','KOTA PANGKAL PINANG','3','3b2d9cff-c26a-0468-9595-17e92fa236e2',NULL,NULL,NULL),('3a899d3e-7f6a-d81d-d819-9cae75ec568e','KAB. BULUNGAN','3','4eccec71-97f1-1e03-994a-bf47e9d5f6f6',NULL,NULL,NULL),('3ac91b21-2a16-8bb4-6a7c-0316889f9014','KAB. PANGKAJENE KEPULAUAN','3','e7e1334e-a815-befc-de7c-59e0614a4790',NULL,NULL,NULL),('3acf39d8-a0c6-9305-e2b7-a16c098b83f2','Jawa Timur','2','4085c7a3-4fb1-c7f6-4762-54808678fd5c',NULL,NULL,NULL),('3b2d9cff-c26a-0468-9595-17e92fa236e2','Kepulauan Bangka Belitung','2','4085c7a3-4fb1-c7f6-4762-54808678fd5c',NULL,NULL,NULL),('3b5c2cde-aa7d-2217-760b-a176792b3827','KAB. SAROLANGUN','3','1a11155e-347f-2f53-4ceb-d9e424a717fe',NULL,NULL,NULL),('3df6c97d-8694-d838-b236-da94ce8be16c','KAB. MUKO MUKO','3','1c49bc0b-e665-8845-670f-d8f6402179c4',NULL,NULL,NULL),('3ec8b342-1e16-897f-9520-11a0959a226c','KAB. TELUK BINTUNI','3','89786e68-25be-533c-33a2-8654fa3f61eb',NULL,NULL,NULL),('3f4851c5-9c65-b60f-21a1-0e5e6447cf6c','KAB. BINTAN','3','f15cc58f-cf24-d493-8eb0-1ebb5904aa72',NULL,NULL,NULL),('3fc40b19-f43d-aaf8-cd5d-101e3737a585','KOTA LHOKSEUMAWE','3','7f7f03e5-29ea-dfc6-ba8c-c88834f07c20',NULL,NULL,NULL),('3fe272e2-28b8-36db-68b0-24ca1563148c','KAB. MUNA','3','a1e899a8-e6e1-39e6-560d-1c2d58935807',NULL,NULL,NULL),('400eaa1c-7119-d355-7c4d-6562c25861a8','KAB. WAJO','3','e7e1334e-a815-befc-de7c-59e0614a4790',NULL,NULL,NULL),('4085c7a3-4fb1-c7f6-4762-54808678fd5c','Sekretariat','1','','2020-11-22 19:53:55','2020-11-22 19:53:55',NULL),('40a42d9a-90fe-c8bb-839e-4de34633cfd2','KOTA PAYAKUMBUH','3','bfb4dfa0-3a34-7a82-121d-63ab0ed1c5da',NULL,NULL,NULL),('40a89efc-285a-d811-5a55-84cac7884641','KAB. KUTAI BARAT','3','6caaeef9-cae6-e731-58cf-300a7465b7b0',NULL,NULL,NULL),('40b97e68-7bb8-9040-75b9-4a3dcb79a290','KAB. SIGI','3','f7ddb2e1-d342-771e-54af-7a1336584fa5',NULL,NULL,NULL),('40ee2d35-9143-a78f-0f9c-51beb20b425b','KAB. TUBAN','3','3acf39d8-a0c6-9305-e2b7-a16c098b83f2',NULL,NULL,NULL),('42038246-1a79-a2f5-4427-bab0cc98a1b7','KAB. DONGGALA','3','f7ddb2e1-d342-771e-54af-7a1336584fa5',NULL,NULL,NULL),('42fe0c6f-4d12-7696-e455-00d10fa587aa','KOTA TANJUNG BALAI','3','29d9f0b1-4acd-14ce-2299-fdc0955249c5',NULL,NULL,NULL),('436cc6eb-abf3-be7b-19b1-7a06366bf4ee','KAB. KUTAI TIMUR','3','6caaeef9-cae6-e731-58cf-300a7465b7b0',NULL,NULL,NULL),('444ec496-8518-985b-4e0d-75314c58ea0c','KAB. BANGKALAN','3','3acf39d8-a0c6-9305-e2b7-a16c098b83f2',NULL,NULL,NULL),('44790218-e4cc-55bb-f98b-f77869a77856','Kalimantan Selatan','2','4085c7a3-4fb1-c7f6-4762-54808678fd5c',NULL,NULL,NULL),('456785db-bab5-024b-494b-ecd90d11c2dd','KAB. GUNUNG KIDUL','3','f5227aec-3104-8c30-57e5-796c7296fb57',NULL,NULL,NULL),('45d3bbf7-31e2-b8a9-a174-8f882c9b5cf5','KAB. PURWOREJO','3','36bfd7b6-d198-e3bd-0a31-20a446a61c6f',NULL,NULL,NULL),('4616db16-9c67-65d7-7e57-8a65075d465b','KAB. PANDEGLANG','3','295a1289-0da2-835f-09fc-93ce0600e92e',NULL,NULL,NULL),('47c291db-79a8-038c-609f-1c48085f5ec0','KAB. BOALEMO','3','39cd1afe-e53a-4849-7f32-c45f099a4883',NULL,NULL,NULL),('480adb6b-b271-9e6c-93fe-596e027ab5fb','KAB. NUNUKAN','3','4eccec71-97f1-1e03-994a-bf47e9d5f6f6',NULL,NULL,NULL),('48194f0d-a69c-cdc3-4806-96876291e472','KAB. TRENGGALEK','3','3acf39d8-a0c6-9305-e2b7-a16c098b83f2',NULL,NULL,NULL),('48acaa16-d019-9402-eefd-5e185c6a0a8f','KOTA MAKASSAR','3','e7e1334e-a815-befc-de7c-59e0614a4790',NULL,NULL,NULL),('48b14d4f-4535-2e19-937d-18edcf15f9fa','KAB. KATINGAN','3','65e34b00-70b0-3cba-765c-3e4ff05d2b83',NULL,NULL,NULL),('48e99a4c-94d2-4b33-1a58-580c55523507','KAB. ACEH TENGAH','3','7f7f03e5-29ea-dfc6-ba8c-c88834f07c20',NULL,NULL,NULL),('4902b329-de27-e84e-1921-66973d06cbef','KOTA MEDAN','3','29d9f0b1-4acd-14ce-2299-fdc0955249c5',NULL,NULL,NULL),('4927de0d-1ab9-f303-1e0f-93e09f6f1fe7','KAB. BIAK NUMFOR','3','2937c367-1c31-6c75-9469-24e482dae42b',NULL,NULL,NULL),('49a54978-f671-d5fd-f6d0-7c232d73b14f','KAB. INTAN JAYA','3','2937c367-1c31-6c75-9469-24e482dae42b',NULL,NULL,NULL),('49b3252a-5b00-8645-b096-d1b93f3a257d','Bali','2','4085c7a3-4fb1-c7f6-4762-54808678fd5c',NULL,NULL,NULL),('49c87fd9-51b1-7c31-0a21-2dd652fe3699','KAB. BANGGAI KEPULAUAN','3','f7ddb2e1-d342-771e-54af-7a1336584fa5',NULL,NULL,NULL),('4a6c1926-eb80-a75a-4dbc-03ec5aa517e0','KOTA YOGYAKARTA','3','f5227aec-3104-8c30-57e5-796c7296fb57',NULL,NULL,NULL),('4abed743-b6d5-7b00-e11a-b7cc9b6fab94','KAB. SUKABUMI','3','36109687-c026-4408-da53-e0feed143a16',NULL,NULL,NULL),('4b1ad922-ac35-26da-8bd8-73e66db00619','KAB. SEKADAU','3','a135f829-6806-31a1-5301-a239059daba9',NULL,NULL,NULL),('4b4fcd92-047c-f6cf-af5f-7168f5be5146','KAB. KUBU RAYA','3','a135f829-6806-31a1-5301-a239059daba9',NULL,NULL,NULL),('4bbb0194-97d1-ccbc-3d01-92eb99768791','KAB. BERAU','3','6caaeef9-cae6-e731-58cf-300a7465b7b0',NULL,NULL,NULL),('4bc659dc-aef7-813a-3d87-9c5dcb6c6692','KAB. ACEH SELATAN','3','7f7f03e5-29ea-dfc6-ba8c-c88834f07c20',NULL,NULL,NULL),('4c289a1d-de85-83b4-96b2-054b43b0db8d','KAB. MALUKU BARAT DAYA','3','a11b338c-e0ee-1e66-ffb9-eddc1aee26d7',NULL,NULL,NULL),('4c2f5333-4dfb-da09-fb70-5924abeb1959','KOTA ADM. JAKARTA PUSAT','3','1a596450-ee11-9a23-4847-2b2c7bad24d4',NULL,NULL,NULL),('4c925504-612d-34c5-f1c3-55baed7e36d5','KAB. TEMANGGUNG','3','36bfd7b6-d198-e3bd-0a31-20a446a61c6f',NULL,NULL,NULL),('4cad5a5b-d3eb-68b3-9c20-01177bfce573','KAB. PIDIE','3','7f7f03e5-29ea-dfc6-ba8c-c88834f07c20',NULL,NULL,NULL),('4d02cf8f-8dc6-e936-f8ee-837de100b963','KAB. TULANG BAWANG','3','213d020c-2562-6b47-636b-4c7266b47ba9',NULL,NULL,NULL),('4d4ab2f3-77d3-da9a-c731-fc6e950c6cd6','KAB. TULANG BAWANG BARAT','3','213d020c-2562-6b47-636b-4c7266b47ba9',NULL,NULL,NULL),('4de1efbb-f9b2-be14-0c54-94147dd06115','KAB. MANGGARAI TIMUR','3','1f6a1125-502e-d185-3800-5967d1cfa55e',NULL,NULL,NULL),('4e1f3bfe-d4a3-9014-08c2-69e1d788c9a1','KAB. TORAJA UTARA','3','e7e1334e-a815-befc-de7c-59e0614a4790',NULL,NULL,NULL),('4e9fd00e-f0ed-967a-6356-31a7124174aa','KAB. BANTAENG','3','e7e1334e-a815-befc-de7c-59e0614a4790',NULL,NULL,NULL),('4eccec71-97f1-1e03-994a-bf47e9d5f6f6','Kalimantan Utara','2','4085c7a3-4fb1-c7f6-4762-54808678fd5c',NULL,NULL,NULL),('4eed2c7f-94ef-c704-7493-bad42ce65853','KAB. SITUBONDO','3','3acf39d8-a0c6-9305-e2b7-a16c098b83f2',NULL,NULL,NULL),('4f60fdc0-eceb-9533-b201-c9e0c542d70c','KOTA SURABAYA','3','3acf39d8-a0c6-9305-e2b7-a16c098b83f2',NULL,NULL,NULL),('50023af5-4b0d-a27e-a308-b8a6348bddf3','KAB. INDRAGIRI HULU','3','33f9ac47-d559-fa02-9b62-e2e532b9c88f',NULL,NULL,NULL),('5005cd37-b59e-67aa-1aeb-b9ae50c2591c','KAB. LAMPUNG TIMUR','3','213d020c-2562-6b47-636b-4c7266b47ba9',NULL,NULL,NULL),('502950d2-092a-249c-1a3f-2f9b8a1b139f','KAB. HULU SUNGAI TENGAH','3','44790218-e4cc-55bb-f98b-f77869a77856',NULL,NULL,NULL),('518640a5-455d-79dd-e6c9-94b155f8a6d5','KAB. PUNCAK JAYA','3','2937c367-1c31-6c75-9469-24e482dae42b',NULL,NULL,NULL),('51b7d74b-60bd-0658-ed72-d1cb0b5022ef','KAB. KAYONG UTARA','3','a135f829-6806-31a1-5301-a239059daba9',NULL,NULL,NULL),('52dbe29a-fde3-732f-09b1-2b72821004f4','KAB. NAGAN RAYA','3','7f7f03e5-29ea-dfc6-ba8c-c88834f07c20',NULL,NULL,NULL),('533c4522-deb2-2b35-fcd7-7f54e42e7802','KAB. BANGKA','3','3b2d9cff-c26a-0468-9595-17e92fa236e2',NULL,NULL,NULL),('53b28ae9-b3d4-8738-6256-de24eaf83176','KAB. ADM. KEP. SERIBU','3','1a596450-ee11-9a23-4847-2b2c7bad24d4',NULL,NULL,NULL),('53e7bf5b-71a2-c20a-5c0d-8ec5dee44c52','KAB. MOROWALI','3','f7ddb2e1-d342-771e-54af-7a1336584fa5',NULL,NULL,NULL),('54e555dd-cdb9-bc76-74ca-052b6e2de5bb','KAB PEGUNUNGAN BINTANG','3','2937c367-1c31-6c75-9469-24e482dae42b',NULL,NULL,NULL),('550d7956-5c70-b6f4-417d-b0d2639574a3','KAB. SUMEDANG','3','36109687-c026-4408-da53-e0feed143a16',NULL,NULL,NULL),('5511fc64-901d-207a-a01d-aa9728d0c744','KOTA LANGSA','3','7f7f03e5-29ea-dfc6-ba8c-c88834f07c20',NULL,NULL,NULL),('55ed9d9e-573c-19ec-dcb0-5101343fdd2b','KAB. WAROPEN','3','2937c367-1c31-6c75-9469-24e482dae42b',NULL,NULL,NULL),('5658277a-ca19-971e-5235-dc62a97d418b','KAB. LINGGA','3','f15cc58f-cf24-d493-8eb0-1ebb5904aa72',NULL,NULL,NULL),('56f9437c-0a1b-1277-4714-ee0307b90986','KAB. BONDOWOSO','3','3acf39d8-a0c6-9305-e2b7-a16c098b83f2',NULL,NULL,NULL),('57482a54-973b-f6a7-abe8-8665c2d50730','KAB. BENGKULU SELATAN','3','1c49bc0b-e665-8845-670f-d8f6402179c4',NULL,NULL,NULL),('5787078c-ec78-a17a-7b1b-54be7bfd71cb','KAB. TANA TORAJA','3','e7e1334e-a815-befc-de7c-59e0614a4790',NULL,NULL,NULL),('57d6d625-b599-57b2-1151-9bdba587cc3d','KAB. BANGGAI','3','f7ddb2e1-d342-771e-54af-7a1336584fa5',NULL,NULL,NULL),('580bbfac-7c7e-ac6c-c7df-7fc37bbb5697','KOTA JAYAPURA','3','2937c367-1c31-6c75-9469-24e482dae42b',NULL,NULL,NULL),('5834fd8a-ab30-5b71-4ecd-803914466cfe','KAB. SUKOHARJO','3','36bfd7b6-d198-e3bd-0a31-20a446a61c6f',NULL,NULL,NULL),('5838567e-538a-fef1-4bd7-898e93cef2cb','KAB. OGAN KOMERING ULU','3','f04095be-cab9-781a-5bd5-a8d1fd18900b',NULL,NULL,NULL),('58952d46-9177-3581-fe74-af765c426fe1','KAB. SUMBA BARAT','3','1f6a1125-502e-d185-3800-5967d1cfa55e',NULL,NULL,NULL),('59ead24c-640f-2398-c310-49c3e7b34ec3','KOTA PEMATANG SIANTAR','3','29d9f0b1-4acd-14ce-2299-fdc0955249c5',NULL,NULL,NULL),('5a43cfe9-6e76-a835-7951-04af10b8b8aa','KAB. BELITUNG','3','3b2d9cff-c26a-0468-9595-17e92fa236e2',NULL,NULL,NULL),('5a833dca-1360-6ca5-3dfd-0614096fc7fb','KAB. KARANGASEM','3','49b3252a-5b00-8645-b096-d1b93f3a257d',NULL,NULL,NULL),('5aa36034-bdb1-eb05-593f-79a9a7263f19','KOTA PADANG PANJANG','3','bfb4dfa0-3a34-7a82-121d-63ab0ed1c5da',NULL,NULL,NULL),('5b01958b-8e94-92e9-d2f3-9c9c2acb7fe7','KAB. ROKAN HULU','3','33f9ac47-d559-fa02-9b62-e2e532b9c88f',NULL,NULL,NULL),('5b29a068-c57f-32f8-3d77-78d6132d4dd1','KAB. TULUNGAGUNG','3','3acf39d8-a0c6-9305-e2b7-a16c098b83f2',NULL,NULL,NULL),('5b4ca287-dde8-9b84-a3d9-9350534d7b6b','KAB. BANJAR','3','44790218-e4cc-55bb-f98b-f77869a77856',NULL,NULL,NULL),('5d219188-cdb5-efeb-fb10-d04e5fa4cf80','KAB. KEPULAUAN SANGIHE','3','0bc526ae-bea1-6970-2bc1-790491d2bcd9',NULL,NULL,NULL),('5d21c0ea-97f2-e6dd-da59-a8709eac02c6','KAB. OGAN KOMERING ILIR','3','f04095be-cab9-781a-5bd5-a8d1fd18900b',NULL,NULL,NULL),('5f9c87ab-06ea-972b-b6a5-2cb6770b37bf','KOTA BIMA','3','f98aaec4-1760-b54a-371b-74916ab57907',NULL,NULL,NULL),('60165939-afa1-7dec-5e3e-ab8a8302304a','KAB. BANYUWANGI','3','3acf39d8-a0c6-9305-e2b7-a16c098b83f2',NULL,NULL,NULL),('616a79b8-6aec-c9da-2a99-e09284913780','KAB. BURU SELATAN','3','a11b338c-e0ee-1e66-ffb9-eddc1aee26d7',NULL,NULL,NULL),('61ffec4e-7e5a-b09e-b239-dc11b2e7f178','KOTA BAU BAU','3','a1e899a8-e6e1-39e6-560d-1c2d58935807',NULL,NULL,NULL),('625cfc57-3b70-c65f-8bf3-8a517fe9b6d6','KAB. MINAHASA TENGGARA','3','0bc526ae-bea1-6970-2bc1-790491d2bcd9',NULL,NULL,NULL),('62752cf7-ce50-d0e9-fe28-331d97d7e87a','KAB. KUNINGAN','3','36109687-c026-4408-da53-e0feed143a16',NULL,NULL,NULL),('62f2ba99-e9b7-0ec3-8567-0b8267bd8e5f','KOTA SAWAHLUNTO','3','bfb4dfa0-3a34-7a82-121d-63ab0ed1c5da',NULL,NULL,NULL),('6362c179-864d-6b4e-8b87-633543e7089f','KAB. KEPULAUAN SELAYAR','3','e7e1334e-a815-befc-de7c-59e0614a4790',NULL,NULL,NULL),('63688cb4-e39b-c088-64f0-bdc19ef55167','KAB. MINAHASA SELATAN','3','0bc526ae-bea1-6970-2bc1-790491d2bcd9',NULL,NULL,NULL),('638ee875-4033-5988-6285-f0a610489599','KAB. MAMASA','3','efcf1428-45b3-dec2-f4ec-6620b3396a93',NULL,NULL,NULL),('63a1ae98-50c7-cadf-202f-260b5c15c639','KAB. BULUKUMBA','3','e7e1334e-a815-befc-de7c-59e0614a4790',NULL,NULL,NULL),('648e732d-3ff8-c527-1630-9e750268f366','KOTA DEPOK','3','36109687-c026-4408-da53-e0feed143a16',NULL,NULL,NULL),('64cb1c8a-6bec-5b4b-54df-9db947af6a12','KAB. MANOKWARI SELATAN','3','89786e68-25be-533c-33a2-8654fa3f61eb',NULL,NULL,NULL),('64e745c4-e64e-2aa9-fccb-999c935eeaf8','KAB. KETAPANG','3','a135f829-6806-31a1-5301-a239059daba9',NULL,NULL,NULL),('659222e1-86a0-d838-6761-c9feb61354a0','KAB. PESISIR SELATAN','3','bfb4dfa0-3a34-7a82-121d-63ab0ed1c5da',NULL,NULL,NULL),('65e34b00-70b0-3cba-765c-3e4ff05d2b83','Kalimantan Tengah','2','4085c7a3-4fb1-c7f6-4762-54808678fd5c',NULL,NULL,NULL),('664936e5-77e9-64bf-4dec-45d996ed5ac6','KAB. MAGETAN','3','3acf39d8-a0c6-9305-e2b7-a16c098b83f2',NULL,NULL,NULL),('6666b7c3-a51b-cd2e-77ec-30352e5ef728','KAB. HULU SUNGAI UTARA','3','44790218-e4cc-55bb-f98b-f77869a77856',NULL,NULL,NULL),('669a6c80-05fa-114e-fba2-9cb4297cfc59','KAB. MOROWALI UTARA','3','f7ddb2e1-d342-771e-54af-7a1336584fa5',NULL,NULL,NULL),('67065698-0c71-abfe-dfb8-dab64c077425','KAB MALUKU TENGGARA BARAT','3','a11b338c-e0ee-1e66-ffb9-eddc1aee26d7',NULL,NULL,NULL),('6759b9d1-bdda-a19f-5fe8-3a08cbffe9e0','KAB. GORONTALO UTARA','3','39cd1afe-e53a-4849-7f32-c45f099a4883',NULL,NULL,NULL),('679ade38-d61f-344d-838c-4f4719300787','KOTA CILEGON','3','295a1289-0da2-835f-09fc-93ce0600e92e',NULL,NULL,NULL),('679c0e3f-12e3-3dc4-5dc8-c641f8268b71','KAB. BENGKULU TENGAH','3','1c49bc0b-e665-8845-670f-d8f6402179c4',NULL,NULL,NULL),('67c18795-0b43-6cd3-2b8b-c440e8cea3f8','KAB. JENEPONTO','3','e7e1334e-a815-befc-de7c-59e0614a4790',NULL,NULL,NULL),('68eb55cb-902c-bd68-4dcb-f5fe30ec026f','KAB. PURBALINGGA','3','36bfd7b6-d198-e3bd-0a31-20a446a61c6f',NULL,NULL,NULL),('69179baf-01e0-ef6f-888e-3f343344c5ae','KAB. NDUGA','3','2937c367-1c31-6c75-9469-24e482dae42b',NULL,NULL,NULL),('69417b2d-eb92-5aec-13c4-bdd4a4637664','KOTA BANJARMASIN','3','44790218-e4cc-55bb-f98b-f77869a77856',NULL,NULL,NULL),('695b3f0b-4799-69e2-d6be-4fcf932aa829','KAB. SRAGEN','3','36bfd7b6-d198-e3bd-0a31-20a446a61c6f',NULL,NULL,NULL),('695cc6b0-d3c8-8ea7-3ab5-c4d44c6d100c','KAB. SAMBAS','3','a135f829-6806-31a1-5301-a239059daba9',NULL,NULL,NULL),('69fe803a-25b4-6a02-7b20-c4251c9e1518','KAB. KEPULAUAN MERANTI','3','33f9ac47-d559-fa02-9b62-e2e532b9c88f',NULL,NULL,NULL),('6a136e59-d4bf-322a-f84e-f90e30c575c0','KAB. TANJUNG JABUNG BARAT','3','1a11155e-347f-2f53-4ceb-d9e424a717fe',NULL,NULL,NULL),('6a3d83e1-51a4-786c-23f0-06e7a9d87890','KAB. PUNCAK','3','2937c367-1c31-6c75-9469-24e482dae42b',NULL,NULL,NULL),('6aad1771-b1e4-274d-c593-289ef7c66614','KOTA AMBON','3','a11b338c-e0ee-1e66-ffb9-eddc1aee26d7',NULL,NULL,NULL),('6b62bb31-05d6-4664-1230-809d852a6fac','KOTA TERNATE','3','f1c20917-aa21-c1e2-d939-bf26569ad945',NULL,NULL,NULL),('6ba98d5c-1d26-0865-03ad-469127fb897d','KAB. KERINCI','3','1a11155e-347f-2f53-4ceb-d9e424a717fe',NULL,NULL,NULL),('6caaeef9-cae6-e731-58cf-300a7465b7b0','Kalimantan Timur','2','4085c7a3-4fb1-c7f6-4762-54808678fd5c',NULL,NULL,NULL),('6cb556a5-b23d-16c6-ee41-8b0e1f313f04','KAB. REJANG LEBONG','3','1c49bc0b-e665-8845-670f-d8f6402179c4',NULL,NULL,NULL),('6d073e1e-60c5-9ae1-d26b-44c2b991583a','KAB. NABIRE','3','2937c367-1c31-6c75-9469-24e482dae42b',NULL,NULL,NULL),('6d30e824-8d3f-feec-768c-5b7b78de6717','KAB. ALOR','3','1f6a1125-502e-d185-3800-5967d1cfa55e',NULL,NULL,NULL),('6d57e5ca-cc2e-aeb9-b037-44cbd54905ed','KAB. BOGOR','3','36109687-c026-4408-da53-e0feed143a16',NULL,NULL,NULL),('6f835462-0e23-412c-2552-ce64570aa47d','KAB. TAPANULI UTARA','3','29d9f0b1-4acd-14ce-2299-fdc0955249c5',NULL,NULL,NULL),('6f8f6df1-fdf4-b83f-288b-2bf20d257453','KOTA ADM. JAKARTA SELATAN','3','1a596450-ee11-9a23-4847-2b2c7bad24d4',NULL,NULL,NULL),('7052feab-ab20-e7d7-ce40-5b5457b08882','KAB. NIAS BARAT','3','29d9f0b1-4acd-14ce-2299-fdc0955249c5',NULL,NULL,NULL),('70f6e958-3094-a4d8-8109-bf00341363c3','KAB. LAMPUNG TENGAH','3','213d020c-2562-6b47-636b-4c7266b47ba9',NULL,NULL,NULL),('714cabec-9457-253e-bb6a-2c00a8d4c3ac','KAB. SUMBA TIMUR','3','1f6a1125-502e-d185-3800-5967d1cfa55e',NULL,NULL,NULL),('715aaca8-c2ea-e739-894b-063791628c9a','KAB. BOLAANG MONGONDOW TIMUR','3','0bc526ae-bea1-6970-2bc1-790491d2bcd9',NULL,NULL,NULL),('715b1f56-0c94-2207-850f-8b5aa2ced071','KAB. KUANTAN SINGINGI','3','33f9ac47-d559-fa02-9b62-e2e532b9c88f',NULL,NULL,NULL),('71dfe107-b0c5-605c-4f0a-0182f95ac1d0','KAB. LOMBOK TIMUR','3','f98aaec4-1760-b54a-371b-74916ab57907',NULL,NULL,NULL),('71eebbb9-3cbc-412e-d602-efafc4177f83','KAB. PASAMAN','3','bfb4dfa0-3a34-7a82-121d-63ab0ed1c5da',NULL,NULL,NULL),('71fcb54a-dd60-80c2-b470-1fca7f0f27eb','KOTA PONTIANAK','3','a135f829-6806-31a1-5301-a239059daba9',NULL,NULL,NULL),('72069a14-966e-08ca-bb7e-fa85e747a503','KAB. KEDIRI','3','3acf39d8-a0c6-9305-e2b7-a16c098b83f2',NULL,NULL,NULL),('72adddf9-b6f3-8018-3a58-1ba04f88baba','KAB. SUMBAWA BARAT','3','f98aaec4-1760-b54a-371b-74916ab57907',NULL,NULL,NULL),('73443187-518f-6232-6208-af053a07f3c4','KOTA LUBUK LINGGAU','3','f04095be-cab9-781a-5bd5-a8d1fd18900b',NULL,NULL,NULL),('73589de4-0eb4-2038-b448-8a79071e1fc6','KAB. KLATEN','3','36bfd7b6-d198-e3bd-0a31-20a446a61c6f',NULL,NULL,NULL),('743e7087-6be1-a5b7-e9bf-7ce380a936f1','KAB. BENGKALIS','3','33f9ac47-d559-fa02-9b62-e2e532b9c88f',NULL,NULL,NULL),('7445e77e-14d1-9f06-0864-984895d86667','KAB. BATANGHARI','3','1a11155e-347f-2f53-4ceb-d9e424a717fe',NULL,NULL,NULL),('74e61b13-d43c-89c2-2ace-db9b787fb746','KAB. CIAMIS','3','36109687-c026-4408-da53-e0feed143a16',NULL,NULL,NULL),('74eef481-42dc-9f9c-2f73-e6e482759fbb','KOTA SAMARINDA','3','6caaeef9-cae6-e731-58cf-300a7465b7b0',NULL,NULL,NULL),('75d406ec-8df0-e95f-58d5-480d033adbb3','KAB. BANGKA SELATAN','3','3b2d9cff-c26a-0468-9595-17e92fa236e2',NULL,NULL,NULL),('769c24c7-8ba6-dd0e-14f7-879218f1a91a','KAB. BANGGAI LAUT','3','f7ddb2e1-d342-771e-54af-7a1336584fa5',NULL,NULL,NULL),('779a2bef-fa91-701a-d395-0a8a74cc96ab','KAB. BUTON TENGAH','3','a1e899a8-e6e1-39e6-560d-1c2d58935807',NULL,NULL,NULL),('78ca5f86-2c79-d213-5d96-ad7577dcfadf','KOTA GUNUNGSITOLI','3','29d9f0b1-4acd-14ce-2299-fdc0955249c5',NULL,NULL,NULL),('7910ec60-9a03-b13c-4ee7-7dac6feb91af','KAB. BANGLI','3','49b3252a-5b00-8645-b096-d1b93f3a257d',NULL,NULL,NULL),('799385ac-a777-7753-90ee-b16f34583500','KOTA PRABUMULIH','3','f04095be-cab9-781a-5bd5-a8d1fd18900b',NULL,NULL,NULL),('7a06dca2-0196-6605-04f9-da3c027932b1','KAB. KEPULAUAN TALAUD','3','0bc526ae-bea1-6970-2bc1-790491d2bcd9',NULL,NULL,NULL),('7b97db0e-3f84-d6cd-4e3c-2e3053bbd539','KAB. SAMOSIR','3','29d9f0b1-4acd-14ce-2299-fdc0955249c5',NULL,NULL,NULL),('7c327ac9-6cb4-47d4-9498-60362c92ab65','KAB. SEMARANG','3','36bfd7b6-d198-e3bd-0a31-20a446a61c6f',NULL,NULL,NULL),('7cc38d8a-060a-dafb-3cfa-47de624b4c6b','KAB. TOLI TOLI','3','f7ddb2e1-d342-771e-54af-7a1336584fa5',NULL,NULL,NULL),('7d32149e-220c-e93c-cf7b-7491165bd0fe','KAB. DEIYAI','3','2937c367-1c31-6c75-9469-24e482dae42b',NULL,NULL,NULL),('7dde17b2-24eb-6aae-d5b3-27231565c9f6','KAB. SERDANG BEDAGAI','3','29d9f0b1-4acd-14ce-2299-fdc0955249c5',NULL,NULL,NULL),('7e132b71-b559-107e-f09d-2d66061682d1','KAB. SERUYAN','3','65e34b00-70b0-3cba-765c-3e4ff05d2b83',NULL,NULL,NULL),('7f44cefa-1ed5-3b54-7749-8e46f89a4df4','KAB. DOGIYAI','3','2937c367-1c31-6c75-9469-24e482dae42b',NULL,NULL,NULL),('7f7f03e5-29ea-dfc6-ba8c-c88834f07c20','Aceh','2','4085c7a3-4fb1-c7f6-4762-54808678fd5c',NULL,NULL,NULL),('8022c88e-10b4-5a02-d0e1-c56f29fb8944','KAB. LIMA PULUH KOTA','3','bfb4dfa0-3a34-7a82-121d-63ab0ed1c5da',NULL,NULL,NULL),('802f4409-4cda-53b3-1235-28769b1fe109','KAB. BIMA','3','f98aaec4-1760-b54a-371b-74916ab57907',NULL,NULL,NULL),('8104aaed-8ca2-683a-652c-405826706d59','KAB. KEPULAUAN SULA','3','f1c20917-aa21-c1e2-d939-bf26569ad945',NULL,NULL,NULL),('815f47d3-97e1-2077-5e66-1357ca7cd51b','KAB. KUDUS','3','36bfd7b6-d198-e3bd-0a31-20a446a61c6f',NULL,NULL,NULL),('81726957-2c62-96b4-8463-a13eadfc9e65','KAB. PANIAI','3','2937c367-1c31-6c75-9469-24e482dae42b',NULL,NULL,NULL),('821bb529-4d30-a19c-7ed8-8c92f7173420','KAB. BUTON SELATAN','3','a1e899a8-e6e1-39e6-560d-1c2d58935807',NULL,NULL,NULL),('82c4cf8d-52b4-ef6f-8da0-4662539fe4c2','KAB. PESISIR BARAT','3','213d020c-2562-6b47-636b-4c7266b47ba9',NULL,NULL,NULL),('82cc0bb3-feb0-a7e1-832f-98716db70836','KAB. LANDAK','3','a135f829-6806-31a1-5301-a239059daba9',NULL,NULL,NULL),('82e7d8aa-0645-b906-fc90-6fbc04515570','KAB. PULAU TALIABU','3','f1c20917-aa21-c1e2-d939-bf26569ad945',NULL,NULL,NULL),('83199b00-b41b-fcf1-b75f-7bc9da3fa2f3','KAB. MERANGIN','3','1a11155e-347f-2f53-4ceb-d9e424a717fe',NULL,NULL,NULL),('835b9848-4cd5-75a0-d432-eb411090aaac','KOTA DUMAI','3','33f9ac47-d559-fa02-9b62-e2e532b9c88f',NULL,NULL,NULL),('8373fcf4-2d19-e4c4-e793-e35a1c089d5c','KOTA TANJUNG PINANG','3','f15cc58f-cf24-d493-8eb0-1ebb5904aa72',NULL,NULL,NULL),('83a8b99d-c76c-665d-2c4d-a517df63e420','KOTA GORONTALO','3','39cd1afe-e53a-4849-7f32-c45f099a4883',NULL,NULL,NULL),('844478d5-3ed8-22d1-7f4d-e00c90aa039a','KAB. BELITUNG TIMUR','3','3b2d9cff-c26a-0468-9595-17e92fa236e2',NULL,NULL,NULL),('84536451-b31f-7e57-8279-99b09c27da7b','KOTA BATU','3','3acf39d8-a0c6-9305-e2b7-a16c098b83f2',NULL,NULL,NULL),('85b9d138-533f-9f4c-17ce-5d311d37c91c','KAB. ACEH BARAT DAYA','3','7f7f03e5-29ea-dfc6-ba8c-c88834f07c20',NULL,NULL,NULL),('864c1b86-4e30-fa27-ceb5-e7871261ef0b','KAB. KOTAWARINGIN TIMUR','3','65e34b00-70b0-3cba-765c-3e4ff05d2b83',NULL,NULL,NULL),('8662911c-4efc-7744-1ab2-82710d7c8268','KOTA PARE PARE','3','e7e1334e-a815-befc-de7c-59e0614a4790',NULL,NULL,NULL),('86ab92b9-7eba-b476-ed6b-dc11d865c688','KAB. SORONG','3','89786e68-25be-533c-33a2-8654fa3f61eb',NULL,NULL,NULL),('87493eeb-73f0-460d-4566-6361e148eead','KAB. KULON PROGO','3','f5227aec-3104-8c30-57e5-796c7296fb57',NULL,NULL,NULL),('87ef7fe6-91a1-4f6c-fbc3-cf214e490c3e','KOTA SIBOLGA','3','29d9f0b1-4acd-14ce-2299-fdc0955249c5',NULL,NULL,NULL),('88165895-6e69-eb01-7385-ace94b2aad28','KOTA PADANGSIDIMPUAN','3','29d9f0b1-4acd-14ce-2299-fdc0955249c5',NULL,NULL,NULL),('8860dcd7-3bbc-d4e9-05d1-59cab9f807a4','KOTA TANGERANG','3','295a1289-0da2-835f-09fc-93ce0600e92e',NULL,NULL,NULL),('89786e68-25be-533c-33a2-8654fa3f61eb','Papua','2','4085c7a3-4fb1-c7f6-4762-54808678fd5c',NULL,NULL,NULL),('89f218e6-5ab3-11c0-a9db-6909a784d7c9','KAB. LUWU','3','e7e1334e-a815-befc-de7c-59e0614a4790',NULL,NULL,NULL),('8aba64db-3600-a6de-1f45-edc0de450533','KOTA BENGKULU','3','1c49bc0b-e665-8845-670f-d8f6402179c4',NULL,NULL,NULL),('8b28b555-55a8-3d66-49eb-610ed46fd0e6','KAB. LABUHANBATU SELATAN','3','29d9f0b1-4acd-14ce-2299-fdc0955249c5',NULL,NULL,NULL),('8b3d772d-472e-a0cc-d4a9-4ba07c6665bf','KAB. HALMAHERA TENGAH','3','f1c20917-aa21-c1e2-d939-bf26569ad945',NULL,NULL,NULL),('8b602a88-d4e3-7f32-7370-dc277da73948','KAB. BENER MERIAH','3','7f7f03e5-29ea-dfc6-ba8c-c88834f07c20',NULL,NULL,NULL),('8be2152f-5c1f-4fbd-c7b1-8f04b3875916','KAB. SUMENEP','3','3acf39d8-a0c6-9305-e2b7-a16c098b83f2',NULL,NULL,NULL),('8be6204a-bce6-317d-f7c3-72dbe4417391','KAB. LAMPUNG UTARA','3','213d020c-2562-6b47-636b-4c7266b47ba9',NULL,NULL,NULL),('8bfb0754-5762-1db5-5ba2-44398a9e50b5','KOTA SEMARANG','3','36bfd7b6-d198-e3bd-0a31-20a446a61c6f',NULL,NULL,NULL),('8c1774b0-ec10-7463-4f55-d57ae387b12a','KAB. WONOGIRI','3','36bfd7b6-d198-e3bd-0a31-20a446a61c6f',NULL,NULL,NULL),('8c4d8dfa-34d1-1e6d-e031-d0c3f097225d','KAB. SERAM BAGIAN TIMUR','3','a11b338c-e0ee-1e66-ffb9-eddc1aee26d7',NULL,NULL,NULL),('8db980b3-36b6-6beb-0c79-ef3344ff8e13','KAB. PURWAKARTA','3','36109687-c026-4408-da53-e0feed143a16',NULL,NULL,NULL),('8e1fdfa9-b3c7-921c-e05a-b30f0440390b','KAB. KEPULAUAN YAPEN','3','2937c367-1c31-6c75-9469-24e482dae42b',NULL,NULL,NULL),('8ec95313-8998-ebb1-a42c-cebf15d5f0a1','KAB. GAYO LUES','3','7f7f03e5-29ea-dfc6-ba8c-c88834f07c20',NULL,NULL,NULL),('8f7707e2-d032-2c95-4707-a075a29d21d4','KAB. SIAK','3','33f9ac47-d559-fa02-9b62-e2e532b9c88f',NULL,NULL,NULL),('9130fdf4-c958-c1ec-fe00-ce1b77f8db05','KAB. GROBOGAN','3','36bfd7b6-d198-e3bd-0a31-20a446a61c6f',NULL,NULL,NULL),('91ba3d10-eabe-dd93-7ef6-6f5f458ae90f','KAB. PEKALONGAN','3','36bfd7b6-d198-e3bd-0a31-20a446a61c6f',NULL,NULL,NULL),('927a0512-1495-460f-c0a2-b158ce8b4517','KOTA PROBOLINGGO','3','3acf39d8-a0c6-9305-e2b7-a16c098b83f2',NULL,NULL,NULL),('934cd889-f826-7a6d-c539-ddf4700da4aa','KAB. ENDE','3','1f6a1125-502e-d185-3800-5967d1cfa55e',NULL,NULL,NULL),('943f06e8-8ac6-bbb0-918d-74ff80c7b5cc','KOTA TUAL','3','a11b338c-e0ee-1e66-ffb9-eddc1aee26d7',NULL,NULL,NULL),('9461e470-6b44-7b53-fcfc-7654ad1e2a92','KAB. ACEH SINGKIL','3','7f7f03e5-29ea-dfc6-ba8c-c88834f07c20',NULL,NULL,NULL),('95d81b1a-80ba-9cad-786b-021d08c3ab24','KAB. BATANG','3','36bfd7b6-d198-e3bd-0a31-20a446a61c6f',NULL,NULL,NULL),('967b9a5f-9814-12b5-b61f-49a8f2e30a53','KAB. ACEH BESAR','3','7f7f03e5-29ea-dfc6-ba8c-c88834f07c20',NULL,NULL,NULL),('9764ff51-5ff2-3d6d-7f71-3127a3ff77d1','KAB. SIJUNJUNG','3','bfb4dfa0-3a34-7a82-121d-63ab0ed1c5da',NULL,NULL,NULL),('9794c31d-ccef-bef6-9c0c-b6d96f2e3931','KAB. FAK FAK','3','89786e68-25be-533c-33a2-8654fa3f61eb',NULL,NULL,NULL),('979b4b16-cd33-840f-3ecd-dd8491b8e8e9','KAB. SOLOK','3','bfb4dfa0-3a34-7a82-121d-63ab0ed1c5da',NULL,NULL,NULL),('9822936a-61c3-f108-f363-a42b3691d93f','KAB. PULAU MOROTAI','3','f1c20917-aa21-c1e2-d939-bf26569ad945',NULL,NULL,NULL),('98b77089-d00a-cc81-72a7-64ea53547a0f','KOTA SUBULUSSALAM','3','7f7f03e5-29ea-dfc6-ba8c-c88834f07c20',NULL,NULL,NULL),('98f0eb2f-ee8f-b321-9682-c4311017909b','KAB. KEPULAUAN ANAMBAS','3','f15cc58f-cf24-d493-8eb0-1ebb5904aa72',NULL,NULL,NULL),('998da783-57bc-b882-02ed-b29189ca1e31','KAB. ACEH JAYA','3','7f7f03e5-29ea-dfc6-ba8c-c88834f07c20',NULL,NULL,NULL),('9a192f7f-61a8-9924-aff5-51f1bdb30834','KAB. PINRANG','3','e7e1334e-a815-befc-de7c-59e0614a4790',NULL,NULL,NULL),('9a773850-94e0-b25f-84ae-fe92f8ffaa43','KOTA TIDORE KEPULAUAN','3','f1c20917-aa21-c1e2-d939-bf26569ad945',NULL,NULL,NULL),('9aca4b73-7a6b-84b9-289c-c7f65daf9e0a','KAB. YAHUKIMO','3','2937c367-1c31-6c75-9469-24e482dae42b',NULL,NULL,NULL),('9af2ccca-321c-5327-6ee6-cbe1c556fd43','KAB. KONAWE UTARA','3','a1e899a8-e6e1-39e6-560d-1c2d58935807',NULL,NULL,NULL),('9bf6a947-0071-2412-a37e-ca0e9808a686','KAB. BANTUL','3','f5227aec-3104-8c30-57e5-796c7296fb57',NULL,NULL,NULL),('9c3677e2-805f-54cb-9c1f-f342e6c69205','KOTA SINGKAWANG','3','a135f829-6806-31a1-5301-a239059daba9',NULL,NULL,NULL),('9cde8681-b1d7-b7da-e986-af5b518bf5be','KOTA TEBING TINGGI','3','29d9f0b1-4acd-14ce-2299-fdc0955249c5',NULL,NULL,NULL),('9d8843d2-cd20-0b31-b3e5-6cecf51555d2','KAB. SIKKA','3','1f6a1125-502e-d185-3800-5967d1cfa55e',NULL,NULL,NULL),('9d8b42ef-5e50-19fe-84ce-64b588724b2d','KAB TIMOR TENGAH SELATAN','3','1f6a1125-502e-d185-3800-5967d1cfa55e',NULL,NULL,NULL),('9ed370e9-4dae-752c-f1f2-af7c9faddc40','KAB. MAMUJU','3','efcf1428-45b3-dec2-f4ec-6620b3396a93',NULL,NULL,NULL),('9fa56fb5-c4af-c42a-08e4-817e4b73b278','KAB. BARITO UTARA','3','65e34b00-70b0-3cba-765c-3e4ff05d2b83',NULL,NULL,NULL),('a000efef-3de8-1271-5113-8b4afc4a6580','KAB. TANJUNG JABUNG TIMUR','3','1a11155e-347f-2f53-4ceb-d9e424a717fe',NULL,NULL,NULL),('a11b338c-e0ee-1e66-ffb9-eddc1aee26d7','Maluku','2','4085c7a3-4fb1-c7f6-4762-54808678fd5c',NULL,NULL,NULL),('a11bb38c-4b60-f79b-344b-423612659208','KAB. BURU','3','a11b338c-e0ee-1e66-ffb9-eddc1aee26d7',NULL,NULL,NULL),('a1268ec2-746b-6df1-d813-9f71ad3e2435','KAB. KAMPAR','3','33f9ac47-d559-fa02-9b62-e2e532b9c88f',NULL,NULL,NULL),('a135f829-6806-31a1-5301-a239059daba9','Kalimantan Barat','2','4085c7a3-4fb1-c7f6-4762-54808678fd5c',NULL,NULL,NULL),('a1e899a8-e6e1-39e6-560d-1c2d58935807','Sulawesi Tenggara','2','4085c7a3-4fb1-c7f6-4762-54808678fd5c',NULL,NULL,NULL),('a21c0326-d2d8-07c6-1ef2-93d9cb2d1a1b','KAB. PASURUAN','3','3acf39d8-a0c6-9305-e2b7-a16c098b83f2',NULL,NULL,NULL),('a2344c80-c524-da7c-4b68-14e7ea1a21c7','KAB. FLORES TIMUR','3','1f6a1125-502e-d185-3800-5967d1cfa55e',NULL,NULL,NULL),('a4108e57-64f5-e255-b60f-74dbfa64007f','KOTA PEKANBARU','3','33f9ac47-d559-fa02-9b62-e2e532b9c88f',NULL,NULL,NULL),('a4acf9a8-a709-ac81-e513-2ad247d0e638','KOTA BANDUNG','3','36109687-c026-4408-da53-e0feed143a16',NULL,NULL,NULL),('a4bb6ab4-9520-69be-412d-ff51ee169773','KAB. SINJAI','3','e7e1334e-a815-befc-de7c-59e0614a4790',NULL,NULL,NULL),('a4c4948b-956a-22ca-5a83-070a24ea2aee','KAB. HULU SUNGAI SELATAN','3','44790218-e4cc-55bb-f98b-f77869a77856',NULL,NULL,NULL),('a50f6da0-04fe-8e49-250f-018d4fe384ec','KAB. MAYBRAT','3','89786e68-25be-533c-33a2-8654fa3f61eb',NULL,NULL,NULL),('a52874de-5656-e867-512c-e99cf75b92dd','KOTA SERANG','3','295a1289-0da2-835f-09fc-93ce0600e92e',NULL,NULL,NULL),('a531c270-936b-c343-b843-0c980caada14','KOTA SORONG','3','89786e68-25be-533c-33a2-8654fa3f61eb',NULL,NULL,NULL),('a59ef074-22a1-6c39-e68a-cbc9c04a8b57','KAB. LANNY JAYA','3','2937c367-1c31-6c75-9469-24e482dae42b',NULL,NULL,NULL),('a79d77a2-34c7-7d8b-68c0-69bd846c5a23','KOTA JAMBI','3','1a11155e-347f-2f53-4ceb-d9e424a717fe',NULL,NULL,NULL),('a814f51b-055a-7b10-acbb-b688e51ccd02','KOTA BINJAI','3','29d9f0b1-4acd-14ce-2299-fdc0955249c5',NULL,NULL,NULL),('a839f6f8-bb43-3cb6-2d8d-756c147779b9','KAB. SUMBA BARAT DAYA','3','1f6a1125-502e-d185-3800-5967d1cfa55e',NULL,NULL,NULL),('a968d46e-4b48-41cc-561f-a40f53d01c30','KAB. LOMBOK BARAT','3','f98aaec4-1760-b54a-371b-74916ab57907',NULL,NULL,NULL),('a9fec19d-d708-f165-f5d4-645172afa859','KAB. TABALONG','3','44790218-e4cc-55bb-f98b-f77869a77856',NULL,NULL,NULL),('aa77864d-7cdf-fcfa-31df-2da7bff62e09','KAB. PESAWARAN','3','213d020c-2562-6b47-636b-4c7266b47ba9',NULL,NULL,NULL),('ab66c784-ebd0-7815-b692-bd4d015dc7aa','KAB. BOVEN DIGOEL','3','2937c367-1c31-6c75-9469-24e482dae42b',NULL,NULL,NULL),('abe3d050-0538-e503-976c-ea2ff658f350','KAB. PEMALANG','3','36bfd7b6-d198-e3bd-0a31-20a446a61c6f',NULL,NULL,NULL),('abe90bb5-9545-8c74-ec22-8cce4496d127','KAB. BARITO TIMUR','3','65e34b00-70b0-3cba-765c-3e4ff05d2b83',NULL,NULL,NULL),('ad2c615d-71ec-b671-b358-e6e1c8afc241','KAB. PARIGI MOUTONG','3','f7ddb2e1-d342-771e-54af-7a1336584fa5',NULL,NULL,NULL),('ada4a448-7048-516b-3b0f-0f611f72ab17','KOTA PALANGKARAYA','3','65e34b00-70b0-3cba-765c-3e4ff05d2b83',NULL,NULL,NULL),('adff8bae-1c70-fc9d-3175-b53676881a64','KAB. AGAM','3','bfb4dfa0-3a34-7a82-121d-63ab0ed1c5da',NULL,NULL,NULL),('aeeb761c-c04c-1643-8c94-de24b47127e5','KOTA SURAKARTA','3','36bfd7b6-d198-e3bd-0a31-20a446a61c6f',NULL,NULL,NULL),('aef6eb4e-2ac8-7c8b-9f59-4c07446c8278','KAB. KARO','3','29d9f0b1-4acd-14ce-2299-fdc0955249c5',NULL,NULL,NULL),('af97fc04-37a8-f6c5-ce65-c9016c6e12be','Deputi 1','1','','2020-11-22 19:58:24','2020-11-22 19:58:24',NULL),('afa5274b-441b-5d99-3fce-e6c177269384','KAB. MANDAILING NATAL','3','29d9f0b1-4acd-14ce-2299-fdc0955249c5',NULL,NULL,NULL),('b00248b1-97cf-14a2-e9f3-ef4e318be44d','KAB. SELUMA','3','1c49bc0b-e665-8845-670f-d8f6402179c4',NULL,NULL,NULL),('b00a4d99-7c1e-c699-144a-a7c14d7acd1d','KAB. PACITAN','3','3acf39d8-a0c6-9305-e2b7-a16c098b83f2',NULL,NULL,NULL),('b0c9f36e-bc70-ead6-095d-ee83ab992ebb','KAB. NIAS','3','29d9f0b1-4acd-14ce-2299-fdc0955249c5',NULL,NULL,NULL),('b0e23f6a-1257-3d20-2495-4ff9a245420e','KAB. LAMPUNG SELATAN','3','213d020c-2562-6b47-636b-4c7266b47ba9',NULL,NULL,NULL),('b11a7cc2-fc87-2528-a275-c97b015fe6e2','KOTA SUKABUMI','3','36109687-c026-4408-da53-e0feed143a16',NULL,NULL,NULL),('b13f4caa-7667-fe89-0da9-f06fdb3fa804','KAB. MUSI RAWAS UTARA','3','f04095be-cab9-781a-5bd5-a8d1fd18900b',NULL,NULL,NULL),('b1586790-685c-870a-a465-0c12bcee09c1','KAB. NGADA','3','1f6a1125-502e-d185-3800-5967d1cfa55e',NULL,NULL,NULL),('b1ea4a8b-471d-88ae-a27c-a51b597ab00f','KAB. SUKAMARA','3','65e34b00-70b0-3cba-765c-3e4ff05d2b83',NULL,NULL,NULL),('b35bd37d-75d8-2ef1-3e35-71f021a5ad2b','KAB. SERANG','3','295a1289-0da2-835f-09fc-93ce0600e92e',NULL,NULL,NULL),('b38bd1be-1c27-8dc6-2507-e5e61a133fec','KAB. PADANG PARIAMAN','3','bfb4dfa0-3a34-7a82-121d-63ab0ed1c5da',NULL,NULL,NULL),('b42f8992-75e7-f140-cc5c-7de364be882e','KAB. DAIRI','3','29d9f0b1-4acd-14ce-2299-fdc0955249c5',NULL,NULL,NULL),('b76ef5eb-a80a-5db1-0588-d387aa4bd39b','KAB. BANYUMAS','3','36bfd7b6-d198-e3bd-0a31-20a446a61c6f',NULL,NULL,NULL),('b7abb9f4-64ff-9178-ad7e-0274cc14750b','KAB. KUTAI KARTANEGARA','3','6caaeef9-cae6-e731-58cf-300a7465b7b0',NULL,NULL,NULL),('b8018f63-b3c9-8efe-7bd0-91ea4488be6e','KAB. KONAWE SELATAN','3','a1e899a8-e6e1-39e6-560d-1c2d58935807',NULL,NULL,NULL),('b81f1ea0-09eb-1021-f93e-1c99d72cf2b5','KOTA BANDAR LAMPUNG','3','213d020c-2562-6b47-636b-4c7266b47ba9',NULL,NULL,NULL),('b89f6182-8f07-1ac2-4d4f-13e1a6227c60','KAB. MESUJI','3','213d020c-2562-6b47-636b-4c7266b47ba9',NULL,NULL,NULL),('b8b0d9df-3acb-080c-27e1-6dcea9a5b779','KAB. KARAWANG','3','36109687-c026-4408-da53-e0feed143a16',NULL,NULL,NULL),('ba185b29-7daa-7775-caa5-3d95e8013588','KAB. MUSI RAWAS','3','f04095be-cab9-781a-5bd5-a8d1fd18900b',NULL,NULL,NULL),('ba1fe68c-ee31-d084-d580-117e5fd1166c','KAB. LOMBOK UTARA','3','f98aaec4-1760-b54a-371b-74916ab57907',NULL,NULL,NULL),('ba2b1483-3b52-8bd4-a15c-46e53df0d1d7','KAB. KARANGANYAR','3','36bfd7b6-d198-e3bd-0a31-20a446a61c6f',NULL,NULL,NULL),('ba35d383-6155-671d-6c73-edd280ea4cec','KAB. ENREKANG','3','e7e1334e-a815-befc-de7c-59e0614a4790',NULL,NULL,NULL),('baec63ad-1a60-86f4-9634-8add1206751c','KAB. OGAN KOMERING ULU SELATAN','3','f04095be-cab9-781a-5bd5-a8d1fd18900b',NULL,NULL,NULL),('bb0290b6-50c2-62ea-2c4c-3d6cc32eda31','KOTA MATARAM','3','f98aaec4-1760-b54a-371b-74916ab57907',NULL,NULL,NULL),('bb068b0e-17bf-54f4-44ba-db9906b548d7','KOTA TEGAL','3','36bfd7b6-d198-e3bd-0a31-20a446a61c6f',NULL,NULL,NULL),('bb12c224-92fe-ffb9-4696-f404a72429fd','KOTA MAGELANG','3','36bfd7b6-d198-e3bd-0a31-20a446a61c6f',NULL,NULL,NULL),('bbc36c35-dc57-e5c9-6669-7df9e8fc5b9f','KOTA ADM. JAKARTA BARAT','3','1a596450-ee11-9a23-4847-2b2c7bad24d4',NULL,NULL,NULL),('bbef09f4-98db-00ac-c4f1-94ea24f01f58','KAB. SLEMAN','3','f5227aec-3104-8c30-57e5-796c7296fb57',NULL,NULL,NULL),('bbf19088-2d66-95e5-149e-eeb28cdc59a1','KAB. HALMAHERA BARAT','3','f1c20917-aa21-c1e2-d939-bf26569ad945',NULL,NULL,NULL),('bc09a246-6cb9-2b40-74b0-6c1a8e838ad8','KAB. TANAH BUMBU','3','44790218-e4cc-55bb-f98b-f77869a77856',NULL,NULL,NULL),('bc668921-9636-1088-02e0-3239383bc7eb','KAB. MUSI BANYUASIN','3','f04095be-cab9-781a-5bd5-a8d1fd18900b',NULL,NULL,NULL),('bc92b206-6e04-6e82-b15c-250d603816df','KAB. KONAWE','3','a1e899a8-e6e1-39e6-560d-1c2d58935807',NULL,NULL,NULL),('bcac4801-6255-61d8-7e29-c49a38a573e1','KAB. KOTABARU','3','44790218-e4cc-55bb-f98b-f77869a77856',NULL,NULL,NULL),('bd32db63-7b53-24cf-a601-8f8d00b5c77c','KAB. GORONTALO','3','39cd1afe-e53a-4849-7f32-c45f099a4883',NULL,NULL,NULL),('bd558803-a453-3c03-0bee-0475b797cc9f','KAB. BOMBANA','3','a1e899a8-e6e1-39e6-560d-1c2d58935807',NULL,NULL,NULL),('bd653f3a-d07c-a818-ae81-3ec9c8a9a98f','KAB. KUPANG','3','1f6a1125-502e-d185-3800-5967d1cfa55e',NULL,NULL,NULL),('bdaa9a93-b726-4c41-ba3f-3f16d60e5b88','KAB. DOMPU','3','f98aaec4-1760-b54a-371b-74916ab57907',NULL,NULL,NULL),('bebf90c1-7d27-428e-7e27-8bad991d13af','KAB. MINAHASA','3','0bc526ae-bea1-6970-2bc1-790491d2bcd9',NULL,NULL,NULL),('bef4814e-fb40-80ef-ebce-a43d31cbb5cc','KAB. PIDIE JAYA','3','7f7f03e5-29ea-dfc6-ba8c-c88834f07c20',NULL,NULL,NULL),('bf4221f3-9120-47a7-5d40-165a66b8e0c8','KAB. KOLAKA','3','a1e899a8-e6e1-39e6-560d-1c2d58935807',NULL,NULL,NULL),('bf72662f-d24f-64d5-0b4e-78e327731f83','KAB. KEEROM','3','2937c367-1c31-6c75-9469-24e482dae42b',NULL,NULL,NULL),('bfb4dfa0-3a34-7a82-121d-63ab0ed1c5da','Sumatera Barat','2','4085c7a3-4fb1-c7f6-4762-54808678fd5c',NULL,NULL,NULL),('bfe55702-2c0f-5ac2-6892-e99f5ef6a54f','KAB. KENDAL','3','36bfd7b6-d198-e3bd-0a31-20a446a61c6f',NULL,NULL,NULL),('c10d13dc-aac8-a651-14c6-66c51d39ea48','KAB. ACEH TENGGARA','3','7f7f03e5-29ea-dfc6-ba8c-c88834f07c20',NULL,NULL,NULL),('c1658bc3-197a-e00f-e0aa-94a8b6dbd873','KAB. TANAH LAUT','3','44790218-e4cc-55bb-f98b-f77869a77856',NULL,NULL,NULL),('c1954f57-0637-9d18-e093-47f2207c6f4d','KAB. PAHUWATO','3','39cd1afe-e53a-4849-7f32-c45f099a4883',NULL,NULL,NULL),('c1a44431-e503-7d0f-8306-2b5ec2ae42eb','KAB. EMPAT LAWANG','3','f04095be-cab9-781a-5bd5-a8d1fd18900b',NULL,NULL,NULL),('c1b70ebb-395d-cd74-b8db-bd14911ab9ea','KAB. PONOROGO','3','3acf39d8-a0c6-9305-e2b7-a16c098b83f2',NULL,NULL,NULL),('c1cce085-9598-c69d-307f-4e611d208cad','KAB. SUPIORI','3','2937c367-1c31-6c75-9469-24e482dae42b',NULL,NULL,NULL),('c22c5887-793c-c196-0772-55e082133d95','KAB. KOLAKA TIMUR','3','a1e899a8-e6e1-39e6-560d-1c2d58935807',NULL,NULL,NULL),('c2ded6bf-e46d-c0db-7063-b0e43abad1fc','KAB. MAGELANG','3','36bfd7b6-d198-e3bd-0a31-20a446a61c6f',NULL,NULL,NULL),('c3a003e1-5654-7e8b-4baf-4506a588478c','KAB. MAJALENGKA','3','36109687-c026-4408-da53-e0feed143a16',NULL,NULL,NULL),('c448c651-e0b9-ead3-5889-70b0d3c51c22','KAB. SERAM BAGIAN BARAT','3','a11b338c-e0ee-1e66-ffb9-eddc1aee26d7',NULL,NULL,NULL),('c4daea66-2673-355c-3afc-717f04baba12','KAB. BANJARNEGARA','3','36bfd7b6-d198-e3bd-0a31-20a446a61c6f',NULL,NULL,NULL),('c5391fed-571a-bbca-26b4-941c35605f13','KAB. BREBES','3','36bfd7b6-d198-e3bd-0a31-20a446a61c6f',NULL,NULL,NULL),('c5653373-4f38-a08a-efbe-0a3e089d0e53','KAB. TANA TIDUNG','3','4eccec71-97f1-1e03-994a-bf47e9d5f6f6',NULL,NULL,NULL),('c5833d80-68e7-c045-c1a1-b14dda2e92c1','KAB. WONOSOBO','3','36bfd7b6-d198-e3bd-0a31-20a446a61c6f',NULL,NULL,NULL),('c650dc8c-0fb5-9047-cb25-48db23dce3ce','KAB. HUMBANG HASUNDUTAN','3','29d9f0b1-4acd-14ce-2299-fdc0955249c5',NULL,NULL,NULL),('c74bd150-16bb-35a5-ee91-aff64a35222a','KAB. BEKASI','3','36109687-c026-4408-da53-e0feed143a16',NULL,NULL,NULL),('c8462f9d-aec4-e60a-8610-b17ee6ccfe69','KOTA BALIKPAPAN','3','6caaeef9-cae6-e731-58cf-300a7465b7b0',NULL,NULL,NULL),('c848dc14-ebec-452e-31b8-7df87761467b','KAB. BOYOLALI','3','36bfd7b6-d198-e3bd-0a31-20a446a61c6f',NULL,NULL,NULL),('ca36d9b5-2f84-9e44-9b8a-abb8c59289e7','KAB. MURUNG RAYA','3','65e34b00-70b0-3cba-765c-3e4ff05d2b83',NULL,NULL,NULL),('caa598ac-dd87-6cd3-ff3a-4a608c8b2a4e','KAB. SAMPANG','3','3acf39d8-a0c6-9305-e2b7-a16c098b83f2',NULL,NULL,NULL),('cae72485-51bd-e2e8-512c-4c66559e05d5','KAB. MAMBERAMO TENGAH','3','2937c367-1c31-6c75-9469-24e482dae42b',NULL,NULL,NULL),('caf05ac5-6686-fece-6c33-51c447f78ef0','KAB. BUOL','3','f7ddb2e1-d342-771e-54af-7a1336584fa5',NULL,NULL,NULL),('ccea03dd-2faf-1445-6d6a-6563f14f0b80','KOTA KEDIRI','3','3acf39d8-a0c6-9305-e2b7-a16c098b83f2',NULL,NULL,NULL),('cd697229-428f-a2ad-8edf-752081ef95a5','KAB. SUBANG','3','36109687-c026-4408-da53-e0feed143a16',NULL,NULL,NULL),('ceada425-17fc-5657-6681-1de8bdb2f783','KAB. LEMBATA','3','1f6a1125-502e-d185-3800-5967d1cfa55e',NULL,NULL,NULL),('cf37becb-f446-779a-af2f-942fc61786b4','KOTA METRO','3','213d020c-2562-6b47-636b-4c7266b47ba9',NULL,NULL,NULL),('cf97e7e8-eec6-3123-39be-b6291c0ac69b','KOTA TANGERANG SELATAN','3','295a1289-0da2-835f-09fc-93ce0600e92e',NULL,NULL,NULL),('d014320e-30e8-6cdb-067c-ecd5fb003284','KAB. HALMAHERA SELATAN','3','f1c20917-aa21-c1e2-d939-bf26569ad945',NULL,NULL,NULL),('d0468596-999c-f90f-76f3-14647cc47b70','KOTA TOMOHON','3','0bc526ae-bea1-6970-2bc1-790491d2bcd9',NULL,NULL,NULL),('d08f6f95-f613-31fe-f9d0-4f1ee7479cab','KOTA BLITAR','3','3acf39d8-a0c6-9305-e2b7-a16c098b83f2',NULL,NULL,NULL),('d12cf9d8-33d2-3435-b41c-25a241caea4d','KAB. KEPAHIANG','3','1c49bc0b-e665-8845-670f-d8f6402179c4',NULL,NULL,NULL),('d1bafc9f-404b-4bed-7cf3-4819c9cfddb3','KAB. SORONG SELATAN','3','89786e68-25be-533c-33a2-8654fa3f61eb',NULL,NULL,NULL),('d1c92a6a-8586-ead7-9bf8-c9a0a279cfb9','KAB. BUTON UTARA','3','a1e899a8-e6e1-39e6-560d-1c2d58935807',NULL,NULL,NULL),('d211b008-679f-a5a5-7e6e-23f026dd3b88','KAB. PROBOLINGGO','3','3acf39d8-a0c6-9305-e2b7-a16c098b83f2',NULL,NULL,NULL),('d2a1e404-2944-b832-e525-53ff51ceb23b','KAB. LUWU TIMUR','3','e7e1334e-a815-befc-de7c-59e0614a4790',NULL,NULL,NULL),('d3664cdc-4ef3-fe5b-7101-fced27988f23','KAB. BARRU','3','e7e1334e-a815-befc-de7c-59e0614a4790',NULL,NULL,NULL),('d375f5af-5591-b09b-c4f0-246c31e4cb04','KOTA ADM. JAKARTA UTARA','3','1a596450-ee11-9a23-4847-2b2c7bad24d4',NULL,NULL,NULL),('d3da7ade-5e55-c3dc-e940-32e54f58ef7b','KAB. BOLAANG MONGONDOW SELATAN','3','0bc526ae-bea1-6970-2bc1-790491d2bcd9',NULL,NULL,NULL),('d41e817e-01c3-ee6c-cfdf-8eb33c4593cc','KAB. TANGERANG','3','295a1289-0da2-835f-09fc-93ce0600e92e',NULL,NULL,NULL),('d5c1e013-3197-46e6-f088-3ba5635b5e14','KAB. NIAS UTARA','3','29d9f0b1-4acd-14ce-2299-fdc0955249c5',NULL,NULL,NULL),('d5ec6e76-67be-d2e1-e769-aed37e36b288','KAB. MUARO JAMBI','3','1a11155e-347f-2f53-4ceb-d9e424a717fe',NULL,NULL,NULL),('d64035b7-c397-4305-8fe6-7c7d2504b186','KAB. BATU BARA','3','29d9f0b1-4acd-14ce-2299-fdc0955249c5',NULL,NULL,NULL),('d64d821a-b814-6573-7987-d202d4b2410f','KAB. ACEH BARAT','3','7f7f03e5-29ea-dfc6-ba8c-c88834f07c20',NULL,NULL,NULL),('d65b67d9-1229-da36-be19-e7d64eae5dc4','KOTA BANJAR','3','36109687-c026-4408-da53-e0feed143a16',NULL,NULL,NULL),('d6e18026-8629-15df-2e04-697e5494fb27','KAB. MUNA BARAT','3','a1e899a8-e6e1-39e6-560d-1c2d58935807',NULL,NULL,NULL),('d7cb8fae-a769-25a3-5f10-403ae28f93cf','KOTA BANJARBARU','3','44790218-e4cc-55bb-f98b-f77869a77856',NULL,NULL,NULL),('d8d9ef44-06cb-57f1-b61b-3ee3ac0f7db3','KAB. JEMBER','3','3acf39d8-a0c6-9305-e2b7-a16c098b83f2',NULL,NULL,NULL),('d9bcab90-be15-36c2-670e-fe17fe089ce1','KAB. MERAUKE','3','2937c367-1c31-6c75-9469-24e482dae42b',NULL,NULL,NULL),('db0c5cda-9ee8-990f-c2f4-f56925a4f596','KOTA BITUNG','3','0bc526ae-bea1-6970-2bc1-790491d2bcd9',NULL,NULL,NULL),('db26c262-d782-198b-7939-6d2aadd52350','KAB. BOLAANG MONGONDOW UTARA','3','0bc526ae-bea1-6970-2bc1-790491d2bcd9',NULL,NULL,NULL),('ddcf2b43-518b-1940-e972-7981a05c9414','KAB. BOLAANG MONGONDOW','3','0bc526ae-bea1-6970-2bc1-790491d2bcd9',NULL,NULL,NULL),('deb8e633-308c-91e2-f15c-f902f2a22a13','KAB. POLEWALI MANDAR','3','efcf1428-45b3-dec2-f4ec-6620b3396a93',NULL,NULL,NULL),('e0140920-07a6-171b-f37f-86bd05e93f30','KAB. MAMUJU UTARA','3','efcf1428-45b3-dec2-f4ec-6620b3396a93',NULL,NULL,NULL),('e193f3ee-783c-f0a4-3b8b-5d5de0d3b4ee','KAB. TABANAN','3','49b3252a-5b00-8645-b096-d1b93f3a257d',NULL,NULL,NULL),('e1c557ef-775c-aa7e-ea17-a005bcbef267','KAB. BULELENG','3','49b3252a-5b00-8645-b096-d1b93f3a257d',NULL,NULL,NULL),('e2680674-0d63-78e9-5ff1-3062e68c41c8','KAB. PASER','3','6caaeef9-cae6-e731-58cf-300a7465b7b0',NULL,NULL,NULL),('e2831231-f684-7a5e-a21c-4c38f314e85f','KOTA BANDA ACEH','3','7f7f03e5-29ea-dfc6-ba8c-c88834f07c20',NULL,NULL,NULL),('e2a135db-1829-4eb4-88fb-9cfa5235518f','KAB. SOPPENG','3','e7e1334e-a815-befc-de7c-59e0614a4790',NULL,NULL,NULL),('e314760c-3682-5946-c6fe-4b269fef06a1','Deputi 2','1','','2020-11-22 19:58:37','2020-11-22 19:58:37',NULL),('e321df96-74a9-32f6-0f0c-d03af5dca7f7','KAB. JEPARA','3','36bfd7b6-d198-e3bd-0a31-20a446a61c6f',NULL,NULL,NULL),('e33ebd1e-7644-a9bc-9210-193b5489ffcd','KAB. NGAWI','3','3acf39d8-a0c6-9305-e2b7-a16c098b83f2',NULL,NULL,NULL),('e37d17be-ae2c-fe10-fc2f-00a7feee3b68','KAB. MALANG','3','3acf39d8-a0c6-9305-e2b7-a16c098b83f2',NULL,NULL,NULL),('e3af127b-44d7-a96a-28bc-d6eebd6b0ad5','KOTA PARIAMAN','3','bfb4dfa0-3a34-7a82-121d-63ab0ed1c5da',NULL,NULL,NULL),('e479c515-8137-68d2-1b96-9b0fd458eab3','KOTA MALANG','3','3acf39d8-a0c6-9305-e2b7-a16c098b83f2',NULL,NULL,NULL),('e49de721-4155-28e7-bf50-3ad86468205b','KAB. GOWA','3','e7e1334e-a815-befc-de7c-59e0614a4790',NULL,NULL,NULL),('e549a350-b3ed-1af9-e660-9a5f062c9c65','KAB. LUMAJANG','3','3acf39d8-a0c6-9305-e2b7-a16c098b83f2',NULL,NULL,NULL),('e59a58b9-5989-69c2-2d1b-27da6becdfd5','KAB. KEP. SIAU TAGULANDANG BIARO','3','0bc526ae-bea1-6970-2bc1-790491d2bcd9',NULL,NULL,NULL),('e6ee268f-d311-a356-068e-7ca95891453e','KAB. MOJOKERTO','3','3acf39d8-a0c6-9305-e2b7-a16c098b83f2',NULL,NULL,NULL),('e71f7957-30aa-b5be-43cb-8529756c44e6','KOTA PALEMBANG','3','f04095be-cab9-781a-5bd5-a8d1fd18900b',NULL,NULL,NULL),('e752ff4c-5e97-b969-86f0-1e1f5bd22cf3','KAB. POSO','3','f7ddb2e1-d342-771e-54af-7a1336584fa5',NULL,NULL,NULL),('e7e1334e-a815-befc-de7c-59e0614a4790','Sulawesi Selatan','2','4085c7a3-4fb1-c7f6-4762-54808678fd5c',NULL,NULL,NULL),('e8e35243-927e-5872-f794-8a12725dd639','KAB. LUWU UTARA','3','e7e1334e-a815-befc-de7c-59e0614a4790',NULL,NULL,NULL),('e920065a-c4dd-82e2-1fe7-51face00c9b1','KAB. BLITAR','3','3acf39d8-a0c6-9305-e2b7-a16c098b83f2',NULL,NULL,NULL),('e92db5f8-6147-1325-ec62-45b9d4d5249a','KAB. BARITO KUALA','3','44790218-e4cc-55bb-f98b-f77869a77856',NULL,NULL,NULL),('e9919ad3-8020-a8ba-045d-079eee022a28','KAB. PAMEKASAN','3','3acf39d8-a0c6-9305-e2b7-a16c098b83f2',NULL,NULL,NULL),('ea01b473-2f4e-ad5a-8fbf-2eaf6c2bed31','KOTA PAGAR ALAM','3','f04095be-cab9-781a-5bd5-a8d1fd18900b',NULL,NULL,NULL),('ea08bee4-5d23-3cde-70c6-f012d535fc95','KOTA SALATIGA','3','36bfd7b6-d198-e3bd-0a31-20a446a61c6f',NULL,NULL,NULL),('ea39de0e-d76c-16e8-ad29-28967fafdff8','KOTA MOJOKERTO','3','3acf39d8-a0c6-9305-e2b7-a16c098b83f2',NULL,NULL,NULL),('eb318574-43be-b936-3691-3e1aa4235b20','KAB. TAPANULI TENGAH','3','29d9f0b1-4acd-14ce-2299-fdc0955249c5',NULL,NULL,NULL),('eb568fe6-d2dc-76b0-9a29-56ab62034260','KOTA BOGOR','3','36109687-c026-4408-da53-e0feed143a16',NULL,NULL,NULL),('eba31252-2f19-8db6-4596-53a09c463287','KAB. BARITO SELATAN','3','65e34b00-70b0-3cba-765c-3e4ff05d2b83',NULL,NULL,NULL),('ed701ec5-7976-03c2-faf1-36d13ac8f5ec','KAB. MUARA ENIM','3','f04095be-cab9-781a-5bd5-a8d1fd18900b',NULL,NULL,NULL),('ed9ba822-9a0c-4944-e881-8aceddc5156c','KAB. BADUNG','3','49b3252a-5b00-8645-b096-d1b93f3a257d',NULL,NULL,NULL),('ee176b5a-5b5c-e0df-e8d4-c3e1719786e5','KAB. KEBUMEN','3','36bfd7b6-d198-e3bd-0a31-20a446a61c6f',NULL,NULL,NULL),('ee5e7a38-ab7c-e3be-547f-0ab2723fad4a','KAB. TANAH DATAR','3','bfb4dfa0-3a34-7a82-121d-63ab0ed1c5da',NULL,NULL,NULL),('ee72ec4b-6869-a27e-a23b-6b470cea140f','KAB. MALAKA','3','1f6a1125-502e-d185-3800-5967d1cfa55e',NULL,NULL,NULL),('ee7b4342-d071-fe20-07af-4c41979549fc','KAB. JAYAPURA','3','2937c367-1c31-6c75-9469-24e482dae42b',NULL,NULL,NULL),('ee9c6012-8560-bb6a-1e43-93856d4383cb','KAB. LABUHANBATU','3','29d9f0b1-4acd-14ce-2299-fdc0955249c5',NULL,NULL,NULL),('ef136a22-a087-77e2-7e65-7ef3917dd7c1','KAB. GIANYAR','3','49b3252a-5b00-8645-b096-d1b93f3a257d',NULL,NULL,NULL),('ef3bc6b2-aec9-c6ef-11f6-ec4279ae1388','KAB. KAUR','3','1c49bc0b-e665-8845-670f-d8f6402179c4',NULL,NULL,NULL),('efba09dd-2871-8fc1-f382-0e76c667a8a6','KOTA ADM. JAKARTA TIMUR','3','1a596450-ee11-9a23-4847-2b2c7bad24d4',NULL,NULL,NULL),('efc4e61c-cfce-9f1d-bef0-5ad625642ff4','KAB. TOBA SAMOSIR','3','29d9f0b1-4acd-14ce-2299-fdc0955249c5',NULL,NULL,NULL),('efcf1428-45b3-dec2-f4ec-6620b3396a93','Sulawesi Barat','2','4085c7a3-4fb1-c7f6-4762-54808678fd5c',NULL,NULL,NULL),('f04095be-cab9-781a-5bd5-a8d1fd18900b','Sumatera Selatan','2','4085c7a3-4fb1-c7f6-4762-54808678fd5c',NULL,NULL,NULL),('f06c6015-926e-27fc-2ee9-b0abf4021f17','KAB. TEBO','3','1a11155e-347f-2f53-4ceb-d9e424a717fe',NULL,NULL,NULL),('f070b053-9ba0-3416-b682-1bba52e14bee','KAB. BANGKA BARAT','3','3b2d9cff-c26a-0468-9595-17e92fa236e2',NULL,NULL,NULL),('f12c1e64-71bf-4304-d7bf-3635e626c79d','KOTA PADANG','3','bfb4dfa0-3a34-7a82-121d-63ab0ed1c5da',NULL,NULL,NULL),('f132bcd4-2f0c-ee3d-38da-3bb56fdd9c4f','KAB. ROTE NDAO','3','1f6a1125-502e-d185-3800-5967d1cfa55e',NULL,NULL,NULL),('f141443c-343d-288c-fc49-7587b5b17d19','KAB. MAJENE','3','efcf1428-45b3-dec2-f4ec-6620b3396a93',NULL,NULL,NULL),('f15cc58f-cf24-d493-8eb0-1ebb5904aa72','Kepulauan Riau','2','4085c7a3-4fb1-c7f6-4762-54808678fd5c',NULL,NULL,NULL),('f1c20917-aa21-c1e2-d939-bf26569ad945','Maluku Utara','2','4085c7a3-4fb1-c7f6-4762-54808678fd5c',NULL,NULL,NULL),('f3040b2d-b88f-554a-8309-4706b2bceab4','KAB. BLORA','3','36bfd7b6-d198-e3bd-0a31-20a446a61c6f',NULL,NULL,NULL),('f391ae4a-cca1-606f-9efc-c411695343e0','KAB. HALMAHERA TIMUR','3','f1c20917-aa21-c1e2-d939-bf26569ad945',NULL,NULL,NULL),('f3c3242e-d150-7713-6833-4374bc678711','KAB. MAPPI','3','2937c367-1c31-6c75-9469-24e482dae42b',NULL,NULL,NULL),('f41541e6-59c8-b44e-1ab8-88da74a4f2a9','KAB. MANGGARAI BARAT','3','1f6a1125-502e-d185-3800-5967d1cfa55e',NULL,NULL,NULL),('f4910759-55d7-ed41-ff21-da1348e4d58a','KAB. KARIMUN','3','f15cc58f-cf24-d493-8eb0-1ebb5904aa72',NULL,NULL,NULL),('f4e6f171-50ec-87f7-8c67-adf20c3b99ff','KAB. PANGANDARAN','3','36109687-c026-4408-da53-e0feed143a16',NULL,NULL,NULL),('f5227aec-3104-8c30-57e5-796c7296fb57','DI Yogyakarta','2','4085c7a3-4fb1-c7f6-4762-54808678fd5c',NULL,NULL,NULL),('f596c035-9e96-f87c-bd61-61cf69db89f4','KOTA KENDARI','3','a1e899a8-e6e1-39e6-560d-1c2d58935807',NULL,NULL,NULL),('f6f89507-bc64-34a2-69d6-923a42ae783d','KAB. NAGEKEO','3','1f6a1125-502e-d185-3800-5967d1cfa55e',NULL,NULL,NULL),('f6ff6a61-5c4c-1b15-3df5-b66129b58b38','KAB. LAHAT','3','f04095be-cab9-781a-5bd5-a8d1fd18900b',NULL,NULL,NULL),('f732686d-bc76-62f5-5de7-2474162822e0','KAB. PAKPAK BHARAT','3','29d9f0b1-4acd-14ce-2299-fdc0955249c5',NULL,NULL,NULL),('f7ddb2e1-d342-771e-54af-7a1336584fa5','Sulawesi Tengah','2','4085c7a3-4fb1-c7f6-4762-54808678fd5c',NULL,NULL,NULL),('f81cd4c7-dd31-59bc-b240-6f309378f47b','KAB. LABUHANBATU UTARA','3','29d9f0b1-4acd-14ce-2299-fdc0955249c5',NULL,NULL,NULL),('f98aaec4-1760-b54a-371b-74916ab57907','Nusa Tenggara Barat','2','4085c7a3-4fb1-c7f6-4762-54808678fd5c',NULL,NULL,NULL),('f9a09094-0c5f-957f-47fb-9c227d6895de','KAB. TANGGAMUS','3','213d020c-2562-6b47-636b-4c7266b47ba9',NULL,NULL,NULL),('fb84be1d-8c39-e98d-df2a-ecb6435a748b','KAB. BANYUASIN','3','f04095be-cab9-781a-5bd5-a8d1fd18900b',NULL,NULL,NULL),('fcb30201-96c3-bc6d-b071-a798661500e4','KAB. SOLOK SELATAN','3','bfb4dfa0-3a34-7a82-121d-63ab0ed1c5da',NULL,NULL,NULL),('fcc9dde0-624f-e419-a04b-868d4b341581','KAB. CIANJUR','3','36109687-c026-4408-da53-e0feed143a16',NULL,NULL,NULL),('fceaad22-005d-6400-d5a9-1a2ea8dc61e3','KAB. SIMEULUE','3','7f7f03e5-29ea-dfc6-ba8c-c88834f07c20',NULL,NULL,NULL),('fcf33870-af93-ff6a-1fec-9d956cfdc971','KAB. PADANG LAWAS','3','29d9f0b1-4acd-14ce-2299-fdc0955249c5',NULL,NULL,NULL),('fd0a9aa2-3158-831e-d6c3-3533b500fe4c','KAB. INDRAMAYU','3','36109687-c026-4408-da53-e0feed143a16',NULL,NULL,NULL),('fde98603-c51f-8caa-bcac-daa70f79269d','KAB. LAMPUNG BARAT','3','213d020c-2562-6b47-636b-4c7266b47ba9',NULL,NULL,NULL),('fe38c206-44de-46a6-c7c2-7aeb141b4179','KAB. LEBONG','3','1c49bc0b-e665-8845-670f-d8f6402179c4',NULL,NULL,NULL),('ffda5499-c80a-a410-9e59-01a16cdb3ca3','KAB. KEPULAUAN ARU','3','a11b338c-e0ee-1e66-ffb9-eddc1aee26d7',NULL,NULL,NULL),('ffef5b61-76f5-19c6-f0e7-dca937cbf742','KAB. KOLAKA UTARA','3','a1e899a8-e6e1-39e6-560d-1c2d58935807',NULL,NULL,NULL);

/*Table structure for table `group_permissions` */

DROP TABLE IF EXISTS `group_permissions`;

CREATE TABLE `group_permissions` (
  `id` varchar(50) NOT NULL,
  `id_group` varchar(100) DEFAULT NULL,
  `id_permission` varchar(255) NOT NULL,
  `created_at` datetime DEFAULT NULL,
  `updated_at` datetime DEFAULT NULL,
  `deleted_at` datetime DEFAULT NULL,
  `created_by` varchar(50) DEFAULT NULL,
  `updated_by` varchar(50) DEFAULT NULL,
  `deleted` int(11) DEFAULT 0,
  PRIMARY KEY (`id`),
  KEY `id_group` (`id_group`),
  KEY `id_page` (`id_permission`)
) ENGINE=InnoDB DEFAULT CHARSET=utf8;

/*Data for the table `group_permissions` */

insert  into `group_permissions`(`id`,`id_group`,`id_permission`,`created_at`,`updated_at`,`deleted_at`,`created_by`,`updated_by`,`deleted`) values ('08db73f4-303a-8f55-7a54-200f2a8eb72b','1f20964c-c8e4-c8f6-bb00-2d092bf8bb5e','1283d910-de9c-6ae0-3601-f6d6c408e764',NULL,NULL,NULL,NULL,NULL,0),('0b8a9ed4-cbae-ab4e-c6c1-5d6362c691fc','1f20964c-c8e4-c8f6-bb00-2d092bf8bb5e','5b9ded2e-46d3-b891-c653-b8e283bbfba2',NULL,NULL,NULL,NULL,NULL,0),('0c96f054-5a51-2d12-da32-d721f1ec8526','ccc95e11-a95f-e106-a8e8-34fb8f5bdccf','71b17d10-c92e-a1b4-8366-b7bd93283a01',NULL,NULL,NULL,NULL,NULL,0),('0ea93478-5138-d70f-cd59-84756d71ff19','1f20964c-c8e4-c8f6-bb00-2d092bf8bb5e','b9ea07e9-8467-28b8-c894-d7da8db4ac88',NULL,NULL,NULL,NULL,NULL,0),('0eac108e-6bc1-7874-19af-1d44ba74f785','1f20964c-c8e4-c8f6-bb00-2d092bf8bb5e','89c8eae8-ef47-e53f-15ac-6812bf30c853',NULL,NULL,NULL,NULL,NULL,0),('1148d1cc-1598-96bf-2df5-c21ce57188ae','0a065a3b-c9b3-951f-7fda-3bdc7a7944ca','a0c3b466-fb94-2a55-3606-b88666367b28',NULL,NULL,NULL,NULL,NULL,0),('18f8ab13-f6cc-ae75-f196-b611abf95bd3','0a065a3b-c9b3-951f-7fda-3bdc7a7944ca','5ee37adf-284c-6ff6-4c29-4b5ebb5e6773',NULL,NULL,NULL,NULL,NULL,0),('1c817f74-4a88-1c3b-70ca-a0f992134e4e','1f20964c-c8e4-c8f6-bb00-2d092bf8bb5e','dabbe784-d398-bf74-dce7-c70ed3b53624',NULL,NULL,NULL,NULL,NULL,0),('1f69dd65-ef54-f346-16da-d5156647d87c','ccc95e11-a95f-e106-a8e8-34fb8f5bdccf','500d2514-029a-e4ea-2e0f-b64417c8a2e8',NULL,NULL,NULL,NULL,NULL,0),('201c8234-92f1-c29a-a8f4-85fbc5c9ffac','0a065a3b-c9b3-951f-7fda-3bdc7a7944ca','2391013a-4f1d-e10e-14ec-2fa36466c322',NULL,NULL,NULL,NULL,NULL,0),('2664cc35-4613-a5dd-339d-2116b2171a0d','ccc95e11-a95f-e106-a8e8-34fb8f5bdccf','fdafa577-894b-1a2e-5797-5fe0a3eb3087',NULL,NULL,NULL,NULL,NULL,0),('286b2a82-6c1c-f4a6-fc20-3b256879a4ca','1f20964c-c8e4-c8f6-bb00-2d092bf8bb5e','6ba5aa82-eb22-945c-d331-534603fe9235',NULL,NULL,NULL,NULL,NULL,0),('2d71e185-50b7-eb04-8d00-ee3852be62dd','1f20964c-c8e4-c8f6-bb00-2d092bf8bb5e','13ae0f01-d1da-e442-49f3-261c781a8729',NULL,NULL,NULL,NULL,NULL,0),('3163c9b1-cefb-3981-1980-655898c9422e','1f20964c-c8e4-c8f6-bb00-2d092bf8bb5e','66c4c4be-553c-fa7c-0213-c641e1e98355',NULL,NULL,NULL,NULL,NULL,0),('340b49a5-56a9-6371-5507-7d66c837b13b','1f20964c-c8e4-c8f6-bb00-2d092bf8bb5e','5a0490a1-c950-1b70-7df8-8e6abc0bf031',NULL,NULL,NULL,NULL,NULL,0),('34dc4be3-41d7-7d82-50b9-cc949b0f40ff','1f20964c-c8e4-c8f6-bb00-2d092bf8bb5e','615080e1-0a52-015e-6995-19ce92f971c9',NULL,NULL,NULL,NULL,NULL,0),('369d6b89-1154-894b-e506-4eb53b49f9c2','ccc95e11-a95f-e106-a8e8-34fb8f5bdccf','db0fbc96-33c6-08dc-9bd0-01fabf7ec271',NULL,NULL,NULL,NULL,NULL,0),('3a104b8d-57e1-ae7f-cac1-2811e3a503db','1f20964c-c8e4-c8f6-bb00-2d092bf8bb5e','b77f459b-eb65-5156-6436-a602331700bf',NULL,NULL,NULL,NULL,NULL,0),('3a33526f-9325-b7ee-7cfb-99ce3665ec72','1f20964c-c8e4-c8f6-bb00-2d092bf8bb5e','66d82273-f20f-95c9-afd5-6a5467c2cbbb',NULL,NULL,NULL,NULL,NULL,0),('4952b2cd-37bb-fb05-6e69-d9a72fc0eb35','ccc95e11-a95f-e106-a8e8-34fb8f5bdccf','55148f38-0403-e31d-245d-9f7fa0c8f59c',NULL,NULL,NULL,NULL,NULL,0),('49b8a5f5-047b-585f-ce7b-81a0bb0bb840','1f20964c-c8e4-c8f6-bb00-2d092bf8bb5e','b03662a5-8d28-80fd-651b-b212a28307db',NULL,NULL,NULL,NULL,NULL,0),('4ae34a81-ff91-183f-0a32-f26278167b6a','0a065a3b-c9b3-951f-7fda-3bdc7a7944ca','d831738b-b8b1-c329-54f9-659fbe0d484f',NULL,NULL,NULL,NULL,NULL,0),('4b7cd4fc-e5ef-3dea-e8f0-512f3918ebc4','1f20964c-c8e4-c8f6-bb00-2d092bf8bb5e','0e8218e0-b72b-90fb-315c-c0c8711f0eb0',NULL,NULL,NULL,NULL,NULL,0),('4e476dee-40a1-b187-0a3b-ad86002d2aee','0a065a3b-c9b3-951f-7fda-3bdc7a7944ca','e1e7f693-042f-ec12-9c98-f63ff1ef672e',NULL,NULL,NULL,NULL,NULL,0),('51b181b1-76e7-c29a-7474-bd77daafaa39','0a065a3b-c9b3-951f-7fda-3bdc7a7944ca','2b166bbd-ad30-4c67-2ded-9c8f55ee003b',NULL,NULL,NULL,NULL,NULL,0),('541c00ef-d38c-5832-f35d-ad3ef36c3c6e','ccc95e11-a95f-e106-a8e8-34fb8f5bdccf','8a3bafac-86b3-ea0e-ed3e-abbfa2745668',NULL,NULL,NULL,NULL,NULL,0),('54f56358-5487-1bbf-30db-8e75c502e3ea','0a065a3b-c9b3-951f-7fda-3bdc7a7944ca','6fc5fa73-2efb-48b8-672a-198d8967d556',NULL,NULL,NULL,NULL,NULL,0),('5890e0f2-709f-0ec7-f93d-7a31a26b3cae','0a065a3b-c9b3-951f-7fda-3bdc7a7944ca','a78940a0-ad25-b64b-2208-7d2ff40a75e9',NULL,NULL,NULL,NULL,NULL,0),('58b7b420-beb7-6f9f-b56c-1d852c5035b7','1f20964c-c8e4-c8f6-bb00-2d092bf8bb5e','a0a01e8c-2001-fbd3-9c6c-cc7c3b1e74be',NULL,NULL,NULL,NULL,NULL,0),('5b4f4eba-e0a8-ac61-82f5-4c3613695d94','1f20964c-c8e4-c8f6-bb00-2d092bf8bb5e','71d303de-238c-5be0-d7d1-66054bca4113',NULL,NULL,NULL,NULL,NULL,0),('5f96ab49-7294-8833-1b72-b69efbc8c178','1f20964c-c8e4-c8f6-bb00-2d092bf8bb5e','5675e03a-d276-b1a7-13c3-01da23c261c7',NULL,NULL,NULL,NULL,NULL,0),('61b74fb4-1d6b-e124-9091-3538eb476c89','0a065a3b-c9b3-951f-7fda-3bdc7a7944ca','9c9d83bc-82ec-0ebb-03c2-9a8d5833c1d2',NULL,NULL,NULL,NULL,NULL,0),('6c523d63-8631-9298-e9a3-b2d708f78bed','0a065a3b-c9b3-951f-7fda-3bdc7a7944ca','3e3823bc-4596-68d7-7229-dd12e9151491',NULL,NULL,NULL,NULL,NULL,0),('72ada26c-e21b-5c42-b122-fdad8b6a4ae6','0a065a3b-c9b3-951f-7fda-3bdc7a7944ca','011272f8-af48-adeb-87dc-45238df8de13',NULL,NULL,NULL,NULL,NULL,0),('733189cb-fbb5-0ebf-22ec-3fb0ef7cac3b','0a065a3b-c9b3-951f-7fda-3bdc7a7944ca','80411fb5-bf0b-ca21-8cc6-393a060b6999',NULL,NULL,NULL,NULL,NULL,0),('7366e8eb-9efc-c4e8-62df-5649a479900c','0a065a3b-c9b3-951f-7fda-3bdc7a7944ca','260e1bf5-897e-cfdf-45e1-e4c247042f07',NULL,NULL,NULL,NULL,NULL,0),('78f24c39-5b8f-6e86-93c6-726d8b78f80d','1f20964c-c8e4-c8f6-bb00-2d092bf8bb5e','9b17c826-a3fb-41b7-83a0-d35bb2ed5192',NULL,NULL,NULL,NULL,NULL,0),('7bba184f-a2e9-2234-c321-45b7e7cad405','0a065a3b-c9b3-951f-7fda-3bdc7a7944ca','a31b42f6-87b7-1ee4-66c6-7afea15d79bb',NULL,NULL,NULL,NULL,NULL,0),('7ce30f18-2eef-4ef5-2d82-f281438d0866','1f20964c-c8e4-c8f6-bb00-2d092bf8bb5e','3d09f70b-f254-92c2-cb7e-cfd7946e59f1',NULL,NULL,NULL,NULL,NULL,0),('8151ec98-bbee-b87a-d8ff-415131a8fc45','1f20964c-c8e4-c8f6-bb00-2d092bf8bb5e','4713f555-5bcc-d71a-a583-70bd0181245b',NULL,NULL,NULL,NULL,NULL,0),('851cc765-f928-ef43-d97a-ab8f83f6521c','0a065a3b-c9b3-951f-7fda-3bdc7a7944ca','04912205-9620-f291-ab8f-f0aaf8bbc277',NULL,NULL,NULL,NULL,NULL,0),('873bafdc-40de-2cc6-c6e1-440875f84017','1f20964c-c8e4-c8f6-bb00-2d092bf8bb5e','ea276850-1479-91d9-7f6b-09556b89ff20',NULL,NULL,NULL,NULL,NULL,0),('88e554e1-eb60-83ec-32d3-95792b8921c5','0a065a3b-c9b3-951f-7fda-3bdc7a7944ca','95556c22-0546-ddd2-4634-1e072c3c086d',NULL,NULL,NULL,NULL,NULL,0),('8ad95bcc-ccc8-a182-c7a3-f600df78685b','0a065a3b-c9b3-951f-7fda-3bdc7a7944ca','65a747da-9173-1f7e-46b0-57750a8891b3',NULL,NULL,NULL,NULL,NULL,0),('8fe61581-50ef-4ebe-4b73-1db62d1e7467','0a065a3b-c9b3-951f-7fda-3bdc7a7944ca','f1a3f9b4-2abc-cb24-fee2-92b1f045c25e',NULL,NULL,NULL,NULL,NULL,0),('9029d7e7-df7f-4f31-8f6b-d5f7f6d33844','0a065a3b-c9b3-951f-7fda-3bdc7a7944ca','94771c14-3fe5-52ab-ca7d-ed470ba1ef1e',NULL,NULL,NULL,NULL,NULL,0),('9059e452-015b-003c-3824-038358f7eff9','ccc95e11-a95f-e106-a8e8-34fb8f5bdccf','f9d3d3b3-93b2-f619-dddf-150141e322ac',NULL,NULL,NULL,NULL,NULL,0),('90d0b066-6e86-e760-9c6a-9f7aaf4f9641','1f20964c-c8e4-c8f6-bb00-2d092bf8bb5e','2b96cb6e-3649-543b-d070-b126945b490a',NULL,NULL,NULL,NULL,NULL,0),('9359f6d9-6841-5f89-5838-00db0b780c6f','0a065a3b-c9b3-951f-7fda-3bdc7a7944ca','420532c2-d7e0-a90c-8285-2917a2e8851b',NULL,NULL,NULL,NULL,NULL,0),('962ebb0e-5225-05d2-d523-b6cb9bda5834','0a065a3b-c9b3-951f-7fda-3bdc7a7944ca','186306bb-3f4c-043a-ede3-88e8555ea7c8',NULL,NULL,NULL,NULL,NULL,0),('994ad9e3-99aa-e0a6-02a7-5ae88f91646f','1f20964c-c8e4-c8f6-bb00-2d092bf8bb5e','13657de7-ff77-c499-b6e9-d6eedf568294',NULL,NULL,NULL,NULL,NULL,0),('9c907be2-f036-b97f-6855-996feb327ed2','ccc95e11-a95f-e106-a8e8-34fb8f5bdccf','edf73361-5580-cb58-628b-4d3be399748c',NULL,NULL,NULL,NULL,NULL,0),('a2eb13ff-edb3-f79c-7661-36a75034e920','0a065a3b-c9b3-951f-7fda-3bdc7a7944ca','bc3d18a9-8652-f966-33eb-4c45cbb41df6',NULL,NULL,NULL,NULL,NULL,0),('a5f4eaba-509f-46de-1123-98209bf95bb7','1f20964c-c8e4-c8f6-bb00-2d092bf8bb5e','064fdf3a-d101-0a61-cbfb-251aee8c0ee8',NULL,NULL,NULL,NULL,NULL,0),('a69e6422-315d-6f33-3554-5ad7aa3f3e1b','1f20964c-c8e4-c8f6-bb00-2d092bf8bb5e','8020a826-7401-5b90-df8f-afca2e68ace8',NULL,NULL,NULL,NULL,NULL,0),('aa7a9b78-0b67-a8e8-442f-5dd5662d504e','0a065a3b-c9b3-951f-7fda-3bdc7a7944ca','61280fa4-be12-cf43-d442-3c445912460c',NULL,NULL,NULL,NULL,NULL,0),('ac68f609-ba7d-c5fd-a54d-f3d83bc9734a','ccc95e11-a95f-e106-a8e8-34fb8f5bdccf','e93e3b1b-3f47-816d-24c5-d4f22ead5d0d',NULL,NULL,NULL,NULL,NULL,0),('af6c2072-fdc0-e123-b363-aa96075d7955','ccc95e11-a95f-e106-a8e8-34fb8f5bdccf','d98e4740-3200-ce7c-7bcf-3b92d542c01f',NULL,NULL,NULL,NULL,NULL,0),('b06252c0-7748-05d0-a732-511246cd59ec','0a065a3b-c9b3-951f-7fda-3bdc7a7944ca','9b207d9f-8048-a724-6ded-ff2dad0cc1a9',NULL,NULL,NULL,NULL,NULL,0),('b2d155dc-47df-6204-2a39-e211620fb5ac','1f20964c-c8e4-c8f6-bb00-2d092bf8bb5e','3bacacf8-7c14-557a-1a0f-9a7ec28a625f',NULL,NULL,NULL,NULL,NULL,0),('b314c263-96f8-deaa-f9d1-dbf2b8d59d6b','1f20964c-c8e4-c8f6-bb00-2d092bf8bb5e','05caec79-3e39-031e-527d-4c04390c696b',NULL,NULL,NULL,NULL,NULL,0),('b4ea26ab-98d0-0a5a-3f3f-19fac27cfafe','0a065a3b-c9b3-951f-7fda-3bdc7a7944ca','9b1fd5e5-da9c-09fe-ced0-a3174fa91722',NULL,NULL,NULL,NULL,NULL,0),('b6d4f107-3709-21de-f4a1-741f801efe5a','ccc95e11-a95f-e106-a8e8-34fb8f5bdccf','a78940a0-ad25-b64b-2208-7d2ff40a75e9',NULL,NULL,NULL,NULL,NULL,0),('b71a0f7b-a78a-b361-8688-c482b20eae76','0a065a3b-c9b3-951f-7fda-3bdc7a7944ca','9d958397-b822-d308-817e-3893e0c3ca08',NULL,NULL,NULL,NULL,NULL,0),('b95061b5-c32d-c555-0b6c-0a1daec24750','1f20964c-c8e4-c8f6-bb00-2d092bf8bb5e','77347ab0-6a0f-04bf-d850-a6160ed2bba8',NULL,NULL,NULL,NULL,NULL,0),('bda6d08b-0120-2b55-e417-49f2e780902d','1f20964c-c8e4-c8f6-bb00-2d092bf8bb5e','4f0cc249-357f-21c8-1736-958fa52c5698',NULL,NULL,NULL,NULL,NULL,0),('bedd01e2-41ec-37b8-3a25-6d1c488525a1','0a065a3b-c9b3-951f-7fda-3bdc7a7944ca','915423b2-5256-e759-e93a-3b6b9baa4bc7',NULL,NULL,NULL,NULL,NULL,0),('bf24d68c-d5b2-7a61-7c4f-f814fc8ee7a7','0a065a3b-c9b3-951f-7fda-3bdc7a7944ca','8c54be8a-b984-80f9-fb28-c753e8343dea',NULL,NULL,NULL,NULL,NULL,0),('bf8afbfd-3687-35a6-9393-45845c3db085','0a065a3b-c9b3-951f-7fda-3bdc7a7944ca','c7ad5be3-b11e-8c10-dc31-d9067c9c35b9',NULL,NULL,NULL,NULL,NULL,0),('bfd12be6-5c8d-5251-b4b7-8d5b3bc3be4e','0a065a3b-c9b3-951f-7fda-3bdc7a7944ca','ba4d3681-1414-88b3-bb2d-f5ca337076e9',NULL,NULL,NULL,NULL,NULL,0),('c3c40403-9828-9b94-4ab4-3c829402a27f','0a065a3b-c9b3-951f-7fda-3bdc7a7944ca','9562cb28-234f-faf3-57fb-403d8151589e',NULL,NULL,NULL,NULL,NULL,0),('c6068f30-f3d2-5b76-478e-c343ae407af7','0a065a3b-c9b3-951f-7fda-3bdc7a7944ca','a1214e29-ff4b-bc56-96ab-2bcd5cf51c4c',NULL,NULL,NULL,NULL,NULL,0),('c7e681c5-9ca8-ff88-bce9-e326fd386486','1f20964c-c8e4-c8f6-bb00-2d092bf8bb5e','8bcc4df6-51af-a7d9-a776-6846f085f8a9',NULL,NULL,NULL,NULL,NULL,0),('c85a7ad2-4223-13f8-9e82-56d25fb50d2d','0a065a3b-c9b3-951f-7fda-3bdc7a7944ca','c16d9928-fd82-e45b-4f46-fbca2733f8a0',NULL,NULL,NULL,NULL,NULL,0),('c96208c2-e565-6f59-fc53-3069f184da75','0a065a3b-c9b3-951f-7fda-3bdc7a7944ca','593a132d-b0de-0a86-06a3-7df7d6138347',NULL,NULL,NULL,NULL,NULL,0),('ca345074-a087-6b91-89b8-0cab13e0aaaa','1f20964c-c8e4-c8f6-bb00-2d092bf8bb5e','62b6575a-84c6-d364-5036-23b065dbb3a2',NULL,NULL,NULL,NULL,NULL,0),('ce38d0cc-d9cc-2ae6-cd42-ccfc0e5fd5c4','0a065a3b-c9b3-951f-7fda-3bdc7a7944ca','306614ef-7cf0-8dc9-846f-f787be1a8a95',NULL,NULL,NULL,NULL,NULL,0),('d4907e2d-22d8-0ab4-3065-f16bb26c95ff','0a065a3b-c9b3-951f-7fda-3bdc7a7944ca','c9697884-ea4e-139c-5456-18688e01196c',NULL,NULL,NULL,NULL,NULL,0),('d8c2b94c-c6d6-e362-cf32-4a0a4d1eae34','0a065a3b-c9b3-951f-7fda-3bdc7a7944ca','dd07084e-a487-8e26-c90e-2e8beb853ba5',NULL,NULL,NULL,NULL,NULL,0),('d9b5ecb3-3515-4d45-bed1-5d0aeab9f7b7','ccc95e11-a95f-e106-a8e8-34fb8f5bdccf','1ab59ec1-caed-05a8-2b36-76b6460061e1',NULL,NULL,NULL,NULL,NULL,0),('d9e28e90-6974-48d4-3d82-32e5cfcdea8c','0a065a3b-c9b3-951f-7fda-3bdc7a7944ca','208a1309-f846-ce4a-fb07-f85fc3e3e181',NULL,NULL,NULL,NULL,NULL,0),('dd16f6eb-99bc-1298-d33c-16d27c664a40','1f20964c-c8e4-c8f6-bb00-2d092bf8bb5e','2c502465-34e0-ca6d-8545-f6163de582cb',NULL,NULL,NULL,NULL,NULL,0),('ddafa471-e69e-dbef-2d07-946967519cb8','0a065a3b-c9b3-951f-7fda-3bdc7a7944ca','17aa3771-a467-36e3-b5ba-08b385d2d2fa',NULL,NULL,NULL,NULL,NULL,0),('dde8fba0-0121-c5fa-d50e-44079db8ec8f','1f20964c-c8e4-c8f6-bb00-2d092bf8bb5e','92db91f7-564b-baa3-f7aa-5b5a9097479f',NULL,NULL,NULL,NULL,NULL,0),('dec19ed4-7833-f0a6-6710-4644fbd01015','ccc95e11-a95f-e106-a8e8-34fb8f5bdccf','7c39a5a1-c605-9681-ff0a-49af2156d86e',NULL,NULL,NULL,NULL,NULL,0),('df64e222-d510-1ae9-29da-64fb0cdb77c2','ccc95e11-a95f-e106-a8e8-34fb8f5bdccf','b1af0409-0a87-c02d-d439-6af59e812f16',NULL,NULL,NULL,NULL,NULL,0),('eb41e1da-3c4d-6b80-b3a8-4b104e8c9d60','1f20964c-c8e4-c8f6-bb00-2d092bf8bb5e','7a9ce0e4-9405-d418-cd6f-fe9c9d87e9c9',NULL,NULL,NULL,NULL,NULL,0),('ec2f8bf5-d83c-aef5-e027-f665b4c09765','0a065a3b-c9b3-951f-7fda-3bdc7a7944ca','82461097-d738-b062-fe6a-c67699f5d066',NULL,NULL,NULL,NULL,NULL,0),('edd34be1-cdd4-5188-1699-2b2dd36d5a0e','1f20964c-c8e4-c8f6-bb00-2d092bf8bb5e','5cd8d65d-56fd-f2d1-212c-9551b8a12ba8',NULL,NULL,NULL,NULL,NULL,0),('ee121822-ea36-8af5-78ff-c0b11c98baab','0a065a3b-c9b3-951f-7fda-3bdc7a7944ca','860d064c-0d6a-98c1-e649-3da5086debd8',NULL,NULL,NULL,NULL,NULL,0),('f04ec207-dd11-4e1a-8d86-dd881d949cbc','1f20964c-c8e4-c8f6-bb00-2d092bf8bb5e','a658a42f-cc4f-141d-fe92-b536539a2b49',NULL,NULL,NULL,NULL,NULL,0),('f1832dee-8637-ddc6-a7c2-11e310572e17','0a065a3b-c9b3-951f-7fda-3bdc7a7944ca','6041170b-5b01-707c-707a-a8f5fcd9b66c',NULL,NULL,NULL,NULL,NULL,0),('f4110f51-db31-2b53-286d-d708d249d45e','1f20964c-c8e4-c8f6-bb00-2d092bf8bb5e','1bfa8e2c-f43c-2105-6ab0-806d9e9eca0a',NULL,NULL,NULL,NULL,NULL,0),('f4b3759d-2eb9-9624-7804-8057d85b12cd','0a065a3b-c9b3-951f-7fda-3bdc7a7944ca','de403dca-1fd6-eda1-80bc-f0e256727c07',NULL,NULL,NULL,NULL,NULL,0),('f54aaecd-6112-c54e-33b0-9bc93f23ce04','0a065a3b-c9b3-951f-7fda-3bdc7a7944ca','6e47d3ee-292c-1b28-210c-65939aef36ed',NULL,NULL,NULL,NULL,NULL,0),('f8da81dd-980e-9c4b-ae12-04e651853b5a','0a065a3b-c9b3-951f-7fda-3bdc7a7944ca','9c764f31-eb99-d46d-82e7-af377f8fa555',NULL,NULL,NULL,NULL,NULL,0),('f9e68b90-acbe-ea03-ec76-b93ccccfbb61','1f20964c-c8e4-c8f6-bb00-2d092bf8bb5e','0d7223b8-690a-46f7-0919-53dd2aac363e',NULL,NULL,NULL,NULL,NULL,0),('fc746a40-a6b9-c314-ec21-087d9023ef74','0a065a3b-c9b3-951f-7fda-3bdc7a7944ca','dc2516e9-2b32-37c4-5e69-1838813a8ed8',NULL,NULL,NULL,NULL,NULL,0),('fd9ea882-232d-5e57-3781-1efe68660085','1f20964c-c8e4-c8f6-bb00-2d092bf8bb5e','dc1202f2-c4c2-09c0-e8c5-10be17719954',NULL,NULL,NULL,NULL,NULL,0),('ff75ed3a-fb1a-7a40-da08-b32488a02f93','0a065a3b-c9b3-951f-7fda-3bdc7a7944ca','0a98e8c0-d2ef-66fc-0469-5dcdccad17bb',NULL,NULL,NULL,NULL,NULL,0);

/*Table structure for table `groups` */

DROP TABLE IF EXISTS `groups`;

CREATE TABLE `groups` (
  `id` varchar(50) NOT NULL,
  `name` varchar(100) DEFAULT NULL,
  `description` varchar(255) NOT NULL,
  `landing_page` varchar(100) NOT NULL,
  `active` int(1) unsigned DEFAULT 1,
  `created_at` datetime DEFAULT NULL,
  `updated_at` datetime DEFAULT NULL,
  `deleted_at` datetime DEFAULT NULL,
  `created_by` varchar(50) DEFAULT NULL,
  `updated_by` varchar(50) DEFAULT NULL,
  `deleted` int(11) DEFAULT 0,
  PRIMARY KEY (`id`)
) ENGINE=InnoDB DEFAULT CHARSET=utf8;

/*Data for the table `groups` */

insert  into `groups`(`id`,`name`,`description`,`landing_page`,`active`,`created_at`,`updated_at`,`deleted_at`,`created_by`,`updated_by`,`deleted`) values ('0a065a3b-c9b3-951f-7fda-3bdc7a7944ca','Administrator','Administrator','a78940a0-ad25-b64b-2208-7d2ff40a75e9',1,'2020-11-18 21:08:25','2020-11-26 17:50:57',NULL,NULL,NULL,0),('1f20964c-c8e4-c8f6-bb00-2d092bf8bb5e','Auditor','For role Auditor','71d303de-238c-5be0-d7d1-66054bca4113',1,'2020-08-19 11:44:55','2020-12-05 19:48:28',NULL,NULL,NULL,0),('ccc95e11-a95f-e106-a8e8-34fb8f5bdccf','Auditee','Auditee','b1af0409-0a87-c02d-d439-6af59e812f16',1,'2020-08-19 11:44:03','2020-11-22 18:04:21',NULL,NULL,NULL,0);

/*Table structure for table `jenis_rekomendasi` */

DROP TABLE IF EXISTS `jenis_rekomendasi`;

CREATE TABLE `jenis_rekomendasi` (
  `id` varchar(50) NOT NULL,
  `kode` varchar(10) DEFAULT NULL,
  `deskripsi` varchar(255) DEFAULT NULL,
  `id_jenis_temuan` varchar(50) DEFAULT NULL,
  `created_at` datetime DEFAULT NULL,
  `updated_at` datetime DEFAULT NULL,
  `deleted_at` datetime DEFAULT NULL,
  `created_by` varchar(50) DEFAULT NULL,
  `updated_by` varchar(50) DEFAULT NULL,
  `deleted_by` varchar(50) DEFAULT NULL,
  PRIMARY KEY (`id`)
) ENGINE=InnoDB DEFAULT CHARSET=utf8;

/*Data for the table `jenis_rekomendasi` */

insert  into `jenis_rekomendasi`(`id`,`kode`,`deskripsi`,`id_jenis_temuan`,`created_at`,`updated_at`,`deleted_at`,`created_by`,`updated_by`,`deleted_by`) values ('16e081c0-09cf-1276-3ceb-b78bc7350ecb','08','Peningkatan kualitas dan kuantitas sumber daya manusia pendukung sistem pengendalian','','2020-11-25 02:52:15','2020-11-25 02:52:15',NULL,NULL,NULL,NULL),('5057ea49-f00f-114a-2293-d24033f8bfc4','11','Koordinasi antar instansi termasuk juga penyerahan penanganan kasus kepada instansi yang berwenang','','2020-11-25 02:53:06','2020-11-25 02:53:06',NULL,NULL,NULL,NULL),('5aadba60-f347-7cd1-f958-4542b3a2604f','02','Pengembalian barang kepada negara, daerah, BUMN/D, dan masyarakat','','2020-11-25 02:47:06','2020-11-25 02:47:58',NULL,NULL,NULL,NULL),('5d03cebc-5848-9c5e-b02c-2f395103d5a6','01','Penyetoran ke kas negara/daerah, kas BUMN/D, dan masyararakat','','2020-11-25 02:46:52','2020-11-25 02:47:47',NULL,NULL,NULL,NULL),('5d6b7327-16db-9727-5787-2555f6a1818c','07','Perbaikan sistem dan prosedur akuntansi dan pelaporan','','2020-11-25 02:51:58','2020-11-25 02:51:58',NULL,NULL,NULL,NULL),('6d97301d-36fa-d2b5-a0cd-ce41de398ab7','14','Lain-lain','','2020-11-25 02:54:35','2020-11-25 02:54:35',NULL,NULL,NULL,NULL),('759cbadc-8002-f42d-e858-575ad95d4370','06','Perbaikan laporan dan penertiban administrasi/kelengkapan administrasi','','2020-11-25 02:51:40','2020-11-25 02:51:40',NULL,NULL,NULL,NULL),('9256c3fa-97f1-180b-2f49-f51e8d1bb961','05','Pelaksanaan sanksi administrasi kepegawaian','','2020-11-25 02:48:30','2020-11-25 02:49:19',NULL,NULL,NULL,NULL),('9cd562f8-09d5-c9b2-dd3f-b581fc5c3023','12','Pelaksanaan penelitian oleh tim khusus atau audit lanjutan oleh unit pengawas intern','','2020-11-25 02:54:11','2020-11-25 02:54:11',NULL,NULL,NULL,NULL),('a3b57297-a892-a296-4cfa-a23f7a669c62','10','Perubahan atau perbaikan struktur organisasi','','2020-11-25 02:52:52','2020-11-25 02:52:52',NULL,NULL,NULL,NULL),('c8964579-8160-cf64-f8d4-b5fa6accd689','04','Penghapusan barang milik negara/daerah','','2020-11-25 02:48:30','2020-11-25 02:48:30',NULL,NULL,NULL,NULL),('c8a3919a-d426-4fd5-df38-812135c695ea','09','Perubahan atau perbaikan prosedur, peraturan dan kebijakan','','2020-11-25 02:52:30','2020-11-25 02:52:30',NULL,NULL,NULL,NULL),('dea36fc8-6c8d-27b2-c515-9d534b9feac8','13','Pelaksanaan sosialisasi','','2020-11-25 02:54:25','2020-11-25 02:54:25',NULL,NULL,NULL,NULL),('f634f9de-a739-0a0b-5099-27dab392cea2','03','Perbaikan fisik barang/jasa dalam proses pembangunan atau penggantian barang/jasa oleh rekanan','','2020-11-25 02:48:12','2020-11-25 02:48:12',NULL,NULL,NULL,NULL);

/*Table structure for table `jenis_temuan` */

DROP TABLE IF EXISTS `jenis_temuan`;

CREATE TABLE `jenis_temuan` (
  `id` varchar(50) NOT NULL,
  `kode` varchar(10) DEFAULT NULL,
  `deskripsi` varchar(255) DEFAULT NULL,
  `id_parent` varchar(50) DEFAULT NULL,
  `kode_parent` varchar(10) DEFAULT NULL,
  `level` int(11) DEFAULT NULL,
  `created_at` datetime DEFAULT NULL,
  `updated_at` datetime DEFAULT NULL,
  `deleted_at` datetime DEFAULT NULL,
  `created_by` varchar(50) DEFAULT NULL,
  `updated_by` varchar(50) DEFAULT NULL,
  `deleted_by` varchar(50) DEFAULT NULL,
  PRIMARY KEY (`id`)
) ENGINE=InnoDB DEFAULT CHARSET=utf8;

/*Data for the table `jenis_temuan` */

insert  into `jenis_temuan`(`id`,`kode`,`deskripsi`,`id_parent`,`kode_parent`,`level`,`created_at`,`updated_at`,`deleted_at`,`created_by`,`updated_by`,`deleted_by`) values ('0087c33b-ab62-b243-8c7a-4d9163fc84a1','10415','Pengalihan anggaran antar MAK tidak sah','72ead6cb-a84a-2bac-9270-e2220b8aefea','104',3,NULL,NULL,NULL,NULL,NULL,NULL),('09491e5d-0740-f845-0163-7fc31de454de','10115','Penghapusan hak tagih tidak sesuai ketentuan','8768f52e-638d-aebf-9425-7bfc5241dcee','101',3,'2020-11-26 02:29:46','2020-11-26 02:29:46',NULL,NULL,NULL,NULL),('095621f1-5aa2-67d0-01a3-ad2ee06148a9','10502','Indikasi tindak pidana perbankan','a9f20baf-ebd4-5b23-d721-2e1e0ddc81b6','105',3,NULL,NULL,NULL,NULL,NULL,NULL),('0b35f263-e7cb-c15c-81cf-c645eb845dee','10108','Spesifikasi barang/jasa yang diterima tidak sesuai dengan kontrak','8768f52e-638d-aebf-9425-7bfc5241dcee','101',3,'2020-11-26 02:28:39','2020-11-26 02:28:39',NULL,NULL,NULL,NULL),('0ecf4b6d-48b2-b9e8-5014-262e56c6ad9a','10307','Kelebihan pembayaran subsidi oleh pemerintah','bf622615-bc23-7a8f-7123-598b0394e574','103',3,NULL,NULL,NULL,NULL,NULL,NULL),('1112e7c8-4293-42bd-b554-501d5c1c13c4','3','Temuan 3E',NULL,NULL,1,'2020-11-25 02:30:26','2020-11-25 02:30:26',NULL,NULL,NULL,NULL),('14a07e2d-4751-ea13-5925-68b6717cc320','20103','Entitas terlambat menyampaikan laporan','e06391a2-a0ca-a76c-2e75-d611c4cf28e6','201',3,NULL,NULL,NULL,NULL,NULL,NULL),('1be9df77-0623-9ecb-4bbb-a2bc565e5ed0','10406','Penyimpangan terhadap peraturan perundang-undangan bidang pengelolaan perlengkapan atau barang milik negara/daerah/perusahaan','72ead6cb-a84a-2bac-9270-e2220b8aefea','104',3,NULL,NULL,NULL,NULL,NULL,NULL),('1faa4718-f861-3443-dc10-2f4167b182b0','10119','Penyetoran penerimaan negara/daerah dengan bukti fiktif','8768f52e-638d-aebf-9425-7bfc5241dcee','101',3,'2020-11-26 02:29:46','2020-11-26 02:29:46',NULL,NULL,NULL,NULL),('27757114-9340-4c60-d42d-fab516f57abc','20207','Kelemahan pengelolaan fisik aset','5ec69461-1989-1316-db17-4985daaf4524','202',3,NULL,NULL,NULL,NULL,NULL,NULL),('28379b13-aefc-b590-8a4e-3bfcc442ddbf','10404','Pemecahan kontrak untuk menghindari pelelangan','72ead6cb-a84a-2bac-9270-e2220b8aefea','104',3,NULL,NULL,NULL,NULL,NULL,NULL),('2a56ac2e-1305-663f-3ddb-7e5d02dfbfc4','102','Potensi kerugian negara/daerah atau kerugian negara/daerah yang terjadi pada perusahaan milik negara/daerah','a197d8db-2947-b63e-2ac5-5e8b6e02a35a','1',2,'2020-11-25 02:33:05','2020-11-25 02:33:05',NULL,NULL,NULL,NULL),('314911ee-b385-d743-a2d6-bdc66c93b6aa','20105','Sistem informasi akuntansi dan pelaporan belum didukung SDM yang memadai','e06391a2-a0ca-a76c-2e75-d611c4cf28e6','201',3,NULL,NULL,NULL,NULL,NULL,NULL),('3330e9bf-3317-574e-9c1f-2c4c66cce0dd','10412','Sisa kas di bendahara pengeluaran akhir tahun anggaran belum/tidak disetor ke kas negara/daerah','72ead6cb-a84a-2bac-9270-e2220b8aefea','104',3,NULL,NULL,NULL,NULL,NULL,NULL),('33b5f813-6faa-07c9-b4ca-26b3ed6c3dc3','30103','Pemborosan keuangan negara/daerah/perusahaan atau kemahalan harga','3612668f-50e0-9c7b-95e7-d6de4ed1524c','301',3,NULL,NULL,NULL,NULL,NULL,NULL),('34410574-a707-e43d-d7e1-64d817a35daf','10113','Pengenaan ganti kerugian negara belum/tidak dilaksanakan sesuai ketentuan','8768f52e-638d-aebf-9425-7bfc5241dcee','101',3,'2020-11-26 02:29:46','2020-11-26 02:29:46',NULL,NULL,NULL,NULL),('3612668f-50e0-9c7b-95e7-d6de4ed1524c','301','Ketidakhematan/pemborosan/ketidakekonomisan','1112e7c8-4293-42bd-b554-501d5c1c13c4','3',2,'2020-11-25 02:36:56','2020-11-25 02:36:56',NULL,NULL,NULL,NULL),('3ae8cf55-679f-9a1f-14fd-7dc739a4999a','10407','Penyimpangan terhadap peraturan perundang-undangan bidang tertentu lainnya seperti kehutanan, pertambangan, perpajakan, dll','72ead6cb-a84a-2bac-9270-e2220b8aefea','104',3,NULL,NULL,NULL,NULL,NULL,NULL),('3d0bea24-b4b5-eb96-6875-5c45d527c800','30101','Pengadaan barang/jasa melebihi kebutuhan','3612668f-50e0-9c7b-95e7-d6de4ed1524c','301',3,NULL,NULL,NULL,NULL,NULL,NULL),('3ec15abd-8b8b-5683-9e6d-1ddd908954e8','30307','Fungsi atau tugas instansi yang diperiksa tidak diselenggarakan dengan baik termasuk target penerimaan tidak tercapai','44e56e5f-cbc4-c86f-8e5e-781ceaf755f3','303',3,NULL,NULL,NULL,NULL,NULL,NULL),('3eea2cfe-5b9b-a8ee-b9f3-2723acb51807','10402','Pekerjaan dilaksanakan mendahului kontrak atau penetapan anggaran','72ead6cb-a84a-2bac-9270-e2220b8aefea','104',3,NULL,NULL,NULL,NULL,NULL,NULL),('422958b3-e103-c7a5-df66-e21404f974ba','10107','Pembayaran honorarium dan/atau biaya perjalanan dinas ganda dan/atau melebihi standar yang ditetapkan','8768f52e-638d-aebf-9425-7bfc5241dcee','101',3,'2020-11-26 02:28:19','2020-11-26 02:28:19',NULL,NULL,NULL,NULL),('44e56e5f-cbc4-c86f-8e5e-781ceaf755f3','303','Ketidakefektifan','1112e7c8-4293-42bd-b554-501d5c1c13c4','3',2,'2020-11-25 02:37:30','2020-11-25 02:37:30',NULL,NULL,NULL,NULL),('4559a2dd-af4a-d3ed-12ce-4f9497e9c3a3','10106','Penggunaan uang/barang untuk kepentingan pribadi','8768f52e-638d-aebf-9425-7bfc5241dcee','101',3,'2020-11-26 02:27:59','2020-11-26 02:27:59',NULL,NULL,NULL,NULL),('48319050-90b0-987c-c276-572786989585','30201','Penggunaan kuantitas input untuk satu satuan output lebih besar/tinggi dari yang seharusnya','71d85ff7-15bf-bb0b-3593-4bee537c2add','302',3,NULL,NULL,NULL,NULL,NULL,NULL),('4911298a-169b-bccd-7b43-62150feee966','10110','Pengembalian pinjaman/piutang atau dana bergulir macet','8768f52e-638d-aebf-9425-7bfc5241dcee','101',3,'2020-11-26 02:29:46','2020-11-26 02:29:46',NULL,NULL,NULL,NULL),('4aa68bca-e856-8a26-e9a6-50e58e7e8dfe','10414','Kepemilikan aset tidak/belum didukung bukti yang sah','72ead6cb-a84a-2bac-9270-e2220b8aefea','104',3,NULL,NULL,NULL,NULL,NULL,NULL),('4c4a3a99-78ee-a815-e3da-d3009ed2a87f','10118','Jaminan pelaksanaan dalam pelaksanaan pekerjaan, pemanfaatan barang dan pemberian fasilitas tidak dapat dicairkan','8768f52e-638d-aebf-9425-7bfc5241dcee','101',3,'2020-11-26 02:29:46','2020-11-26 02:29:46',NULL,NULL,NULL,NULL),('4db023b3-bb9f-c4e6-f071-332cec7cb3cd','10109','Belanja tidak sesuai atau melebihi ketentuan','8768f52e-638d-aebf-9425-7bfc5241dcee','101',3,'2020-11-26 02:29:46','2020-11-26 02:29:46',NULL,NULL,NULL,NULL),('4db3b267-776c-11b3-643a-5ce6c846a103','10504','Indikasi tindak pidana kepabeanan','a9f20baf-ebd4-5b23-d721-2e1e0ddc81b6','105',3,NULL,NULL,NULL,NULL,NULL,NULL),('51338e62-b670-9a17-7ad5-3b8e3874c55c','20202','Mekanisme pemungutan, penyetoran dan pelaporan serta penggunaan Penerimaan negara/daerah/perusahaan dan hibah tidak sesuai ketentuan','5ec69461-1989-1316-db17-4985daaf4524','202',3,NULL,NULL,NULL,NULL,NULL,NULL),('52770494-8823-ddb4-4f5d-c439eebbb982','10209','Penghapusan piutang tidak sesuai ketentuan','2a56ac2e-1305-663f-3ddb-7e5d02dfbfc4','102',3,NULL,NULL,NULL,NULL,NULL,NULL),('5750f1e1-e100-0d0a-9b7b-801e7ccae388','10203','Aset dikuasai pihak lain','2a56ac2e-1305-663f-3ddb-7e5d02dfbfc4','102',3,NULL,NULL,NULL,NULL,NULL,NULL),('57b96248-781e-0252-353b-ef1168b275b4','10408','Koreksi perhitungan subsidi/kewajiban pelayanan umum','72ead6cb-a84a-2bac-9270-e2220b8aefea','104',3,NULL,NULL,NULL,NULL,NULL,NULL),('57dc4669-5ab8-0cbc-f0e7-b9a3983acf2a','10506','Indikasi tindak pidana pasar modal','a9f20baf-ebd4-5b23-d721-2e1e0ddc81b6','105',3,NULL,NULL,NULL,NULL,NULL,NULL),('5bb9df59-4a80-475c-8ac6-5e8dab847777','30304','Pemanfaatan barang/jasa tidak berdampak terhadap pencapaian tujuan organisasi','44e56e5f-cbc4-c86f-8e5e-781ceaf755f3','303',3,NULL,NULL,NULL,NULL,NULL,NULL),('5c77846c-36ab-cba5-618c-17f16cda8664','20206','Penetapan/pelaksanaan kebijakan tidak tepat atau belum dilakukan berakibat peningkatan biaya /belanja','5ec69461-1989-1316-db17-4985daaf4524','202',3,NULL,NULL,NULL,NULL,NULL,NULL),('5ec69461-1989-1316-db17-4985daaf4524','202','Kelemahan sistem pengendalian pelaksanaan anggaran pendapatan dan belanja','7998677f-0868-63f8-db47-df7bc35a8ef5','2',2,'2020-11-25 02:36:04','2020-11-25 02:36:04',NULL,NULL,NULL,NULL),('649ad44b-1e01-957e-16cd-e3e205509fed','10114','Entitas belum/tidak melaksanakan tuntutan perbendaharaan (TP) sesuai ketentuan','8768f52e-638d-aebf-9425-7bfc5241dcee','101',3,'2020-11-26 02:29:46','2020-11-26 02:29:46',NULL,NULL,NULL,NULL),('64e36ad6-90b9-bd7a-e7a6-7be1ae8125cb','10111','Kelebihan penetapan dan pembayaran restitusi pajak atau penetapan kompensasi kerugian','8768f52e-638d-aebf-9425-7bfc5241dcee','101',3,'2020-11-26 02:29:46','2020-11-26 02:29:46',NULL,NULL,NULL,NULL),('66d8c78c-8c95-9693-0f2f-9134576d20aa','10208','Piutang/pinjaman atau dana bergulir yang berpotensi tidak tertagih','2a56ac2e-1305-663f-3ddb-7e5d02dfbfc4','102',3,NULL,NULL,NULL,NULL,NULL,NULL),('67d89530-0f38-5e76-379c-c5d936f3bdc2','10105','Pemahalan harga (Mark up)','8768f52e-638d-aebf-9425-7bfc5241dcee','101',3,'2020-11-26 02:25:46','2020-11-26 02:25:46',NULL,NULL,NULL,NULL),('69eb4e47-e456-4617-06eb-099e08c14ccd','30301','Penggunaan anggaran tidak tepat sasaran/tidak sesuai peruntukan','44e56e5f-cbc4-c86f-8e5e-781ceaf755f3','303',3,NULL,NULL,NULL,NULL,NULL,NULL),('6e98f383-6f77-cde1-f955-807989fea734','10305','Pengenaan tarif pajak/PNBP lebih rendah dari ketentuan','bf622615-bc23-7a8f-7123-598b0394e574','103',3,NULL,NULL,NULL,NULL,NULL,NULL),('6f60ca6b-7a3d-2f55-4480-2fce08ab6b4b','10207','Pihak ketiga belum melaksanakan kewajiban untuk menyerahkan aset kepada negara/daerah','2a56ac2e-1305-663f-3ddb-7e5d02dfbfc4','102',3,NULL,NULL,NULL,NULL,NULL,NULL),('71d85ff7-15bf-bb0b-3593-4bee537c2add','302','Ketidakefisienan','1112e7c8-4293-42bd-b554-501d5c1c13c4','3',2,'2020-11-25 02:37:14','2020-11-25 02:37:14',NULL,NULL,NULL,NULL),('71e39bb4-80d8-5bd1-fc91-4ddda0f76766','10101','Belanja dan/atau pengadaan barang/jasa fiktif','8768f52e-638d-aebf-9425-7bfc5241dcee','101',3,'2020-11-25 02:38:56','2020-11-25 02:38:56',NULL,NULL,NULL,NULL),('72ead6cb-a84a-2bac-9270-e2220b8aefea','104','Administrasi','a197d8db-2947-b63e-2ac5-5e8b6e02a35a','1',2,'2020-11-25 02:34:14','2020-11-25 02:34:14',NULL,NULL,NULL,NULL),('76d730aa-04d4-dcd5-2473-5e9c6e8dcc34','10210','Pencairan anggaran pada akhir tahun anggaran untuk pekerjaan yang belum selesai','2a56ac2e-1305-663f-3ddb-7e5d02dfbfc4','102',3,NULL,NULL,NULL,NULL,NULL,NULL),('7998677f-0868-63f8-db47-df7bc35a8ef5','2','Temuan kelemahan sistem pengendalian intern',NULL,'105',1,'2020-11-25 02:29:46','2020-11-25 02:29:46',NULL,NULL,NULL,NULL),('7a95c87d-2bb2-44b7-de88-fc392b4f4d5c','10303','Dana Perimbangan yang telah ditetapkan belum masuk ke kas daerah','bf622615-bc23-7a8f-7123-598b0394e574','103',3,NULL,NULL,NULL,NULL,NULL,NULL),('7b0c265a-effc-7df2-4580-d1bd8c65033a','10505','Indikasi tindak pidana kehutanan','a9f20baf-ebd4-5b23-d721-2e1e0ddc81b6','105',3,NULL,NULL,NULL,NULL,NULL,NULL),('7c3e2ee4-774b-2e2f-dfdb-cfa47a653dd2','10117','Penentuan HPP (harga pokok pembelian) terlalu rendah sehingga penentuan harga jual lebih rendah dari yang seharusnya','8768f52e-638d-aebf-9425-7bfc5241dcee','101',3,'2020-11-26 02:29:46','2020-11-26 02:29:46',NULL,NULL,NULL,NULL),('81729eb7-1c06-04cf-4951-14a18c4c5e56','10410','Penyetoran penerimaan negara/daerah atau kas di bendaharawan ke kas negara/daerah melebihi batas waktu yang ditentukan','72ead6cb-a84a-2bac-9270-e2220b8aefea','104',3,NULL,NULL,NULL,NULL,NULL,NULL),('8595ab51-848a-ce02-a239-27073f607f5e','30202','Penggunaan kualitas input untuk satu satuan output lebih tinggi dari seharusnya','71d85ff7-15bf-bb0b-3593-4bee537c2add','302',3,NULL,NULL,NULL,NULL,NULL,NULL),('8768f52e-638d-aebf-9425-7bfc5241dcee','101','Kerugian negara/daerah atau kerugian negara/daerah yang terjadi pada perusahaan milik negara/daerah','a197d8db-2947-b63e-2ac5-5e8b6e02a35a','1',2,'2020-11-25 02:30:59','2020-11-25 02:32:30',NULL,NULL,NULL,NULL),('876cafda-6b90-7226-a451-5c24b4a95f17','10204','Pembelian aset yang berstatus sengketa','2a56ac2e-1305-663f-3ddb-7e5d02dfbfc4','102',3,NULL,NULL,NULL,NULL,NULL,NULL),('8c8b6713-0f4b-0cd1-c7e8-9a9f63803710','20301','Entitas tidak memiliki SOP yang formal untuk suatu prosedur atau keseluruhan prosedur','d81a4342-297d-021f-4903-91557f3aef7e','203',3,NULL,NULL,NULL,NULL,NULL,NULL),('8ffff1f6-e0da-07c0-2238-7c80535905d9','10411','Pertanggungjawaban/penyetoran uang persediaan melebihi batas waktu yang ditentukan','72ead6cb-a84a-2bac-9270-e2220b8aefea','104',3,NULL,NULL,NULL,NULL,NULL,NULL),('9076fd8d-5280-85ac-2f3d-7ce002c9eca5','20101','Pencatatan tidak/belum dilakukan atau tidak akurat','e06391a2-a0ca-a76c-2e75-d611c4cf28e6','201',3,NULL,NULL,NULL,NULL,NULL,NULL),('9196d3d8-94d3-100a-22e5-ca1bbd6f9a4f','10413','Pengeluaran investasi pemerintah tidak didukung bukti yang sah','72ead6cb-a84a-2bac-9270-e2220b8aefea','104',3,NULL,NULL,NULL,NULL,NULL,NULL),('9457cf28-f85b-36ef-6397-7fe859ec02c3','10503','Indikasi tindak pidana perpajakan','a9f20baf-ebd4-5b23-d721-2e1e0ddc81b6','105',3,NULL,NULL,NULL,NULL,NULL,NULL),('977c8201-cecb-b480-0bf0-effe58803b2c','10416','Pelampauan pagu anggaran','72ead6cb-a84a-2bac-9270-e2220b8aefea','104',3,NULL,NULL,NULL,NULL,NULL,NULL),('9a49aed4-3eef-09df-0e20-4b31466da2fd','10201','Kelebihan pembayaran dalam pengadaan barang/jasa tetapi pembayaran pekerjaan belum dilakukan sebagian atau seluruhnya','2a56ac2e-1305-663f-3ddb-7e5d02dfbfc4','102',3,NULL,NULL,NULL,NULL,NULL,NULL),('9a872cae-393f-78be-2b71-56e250ffe997','20102','Proses penyusunan laporan tidak sesuai ketentuan','e06391a2-a0ca-a76c-2e75-d611c4cf28e6','201',3,NULL,NULL,NULL,NULL,NULL,NULL),('9ebc81a6-5ff4-66f3-0028-b89a693421bb','10405','Pelaksanaan lelang secara performa','72ead6cb-a84a-2bac-9270-e2220b8aefea','104',3,NULL,NULL,NULL,NULL,NULL,NULL),('9fff514a-6de2-9512-818a-d27ac3a582f5','20203','Penyimpangan terhadap peraturan perundang-undangan bidang teknis tertentu atau ketentuan intern organisasi yang diperiksa tentang pendapatan dan belanja','5ec69461-1989-1316-db17-4985daaf4524','202',3,NULL,NULL,NULL,NULL,NULL,NULL),('a197d8db-2947-b63e-2ac5-5e8b6e02a35a','1','Temuan Ketidakpatuhan Terhadap Peraturan',NULL,NULL,1,'2020-11-25 02:22:43','2020-11-25 02:22:43',NULL,NULL,NULL,NULL),('a6fe99ed-a722-964d-4a0a-beda406ca570','10104','Kelebihan pembayaran selain kekurangan volume pekerjaan dan/atau barang','8768f52e-638d-aebf-9425-7bfc5241dcee','101',3,'2020-11-26 02:24:54','2020-11-26 02:24:54',NULL,NULL,NULL,NULL),('a9f20baf-ebd4-5b23-d721-2e1e0ddc81b6','105','Indikasi tindak pidana','a197d8db-2947-b63e-2ac5-5e8b6e02a35a','1',2,'2020-11-25 02:34:37','2020-11-25 02:34:37',NULL,NULL,NULL,NULL),('aa6d1ff7-9153-b1dc-d1c9-8dcab73697d5','10112','Penjualan/pertukaran/penghapusan aset negara/daerah tidak sesuai ketentuan dan merugikan negara/daerah','8768f52e-638d-aebf-9425-7bfc5241dcee','101',3,'2020-11-26 02:29:46','2020-11-26 02:29:46',NULL,NULL,NULL,NULL),('aaf99b24-6a67-2f09-5b66-42aa8c7104d8','10501','Indikasi tindak pidana korupsi','a9f20baf-ebd4-5b23-d721-2e1e0ddc81b6','105',3,NULL,NULL,NULL,NULL,NULL,NULL),('b217723d-a138-19bc-8b6e-2a85dab9e015','10206','Pemberian jaminan pelaksanaan dalam pelaksanaan pekerjaan, pemanfaatan barang dan pemberian fasilitas tidak sesuai ketentuan','2a56ac2e-1305-663f-3ddb-7e5d02dfbfc4','102',3,NULL,NULL,NULL,NULL,NULL,NULL),('b5cff583-9c78-06a1-7349-f2dfd87a76fb','10116','Pelanggaran ketentuan pemberian diskon penjualan','8768f52e-638d-aebf-9425-7bfc5241dcee','101',3,'2020-11-26 02:29:46','2020-11-26 02:29:46',NULL,NULL,NULL,NULL),('b71c64c7-29f9-cd57-810a-c4caa3f3a7ca','10507','Indikasi tindak pidana khusus lainnya','a9f20baf-ebd4-5b23-d721-2e1e0ddc81b6','105',3,NULL,NULL,NULL,NULL,NULL,NULL),('b836ef9a-f1e0-420e-8c3b-c7a012637b8d','10403','Proses pengadaan barang/jasa tidak sesuai ketentuan (tidak menimbulkan kerugian negara)','72ead6cb-a84a-2bac-9270-e2220b8aefea','104',3,NULL,NULL,NULL,NULL,NULL,NULL),('b8dd0a5d-dd00-a9a8-f05e-6482eeec7764','10306','Koreksi perhitungan bagi hasil dengan KKKS','bf622615-bc23-7a8f-7123-598b0394e574','103',3,NULL,NULL,NULL,NULL,NULL,NULL),('bdff7538-abbb-1192-4033-5432ed1589b5','10102','Rekanan pengadaan barang/jasa tidak menyelesaikan pekerjaan','8768f52e-638d-aebf-9425-7bfc5241dcee','101',3,'2020-11-25 02:39:22','2020-11-25 02:39:22',NULL,NULL,NULL,NULL),('bf622615-bc23-7a8f-7123-598b0394e574','103','Kekurangan penerimaan negara/daerah atau perusahaan milik negara/daerah','a197d8db-2947-b63e-2ac5-5e8b6e02a35a','1',2,'2020-11-25 02:33:26','2020-11-25 02:33:26',NULL,NULL,NULL,NULL),('c0449019-d86f-fb72-ce1c-9402a3be6977','20302','SOP yang ada pada entitas tidak berjalan secara optimal atau tidak ditaati','d81a4342-297d-021f-4903-91557f3aef7e','203',3,NULL,NULL,NULL,NULL,NULL,NULL),('c15f624b-eaf2-dd1b-3a3b-0a73afc82e62','10409','Pembentukan cadangan piutang, perhitungan penyusutan atau amortisasi tidak sesuai ketentuan','72ead6cb-a84a-2bac-9270-e2220b8aefea','104',3,NULL,NULL,NULL,NULL,NULL,NULL),('c2f7bcc2-9667-adb2-d4fa-20d47d96d087','30302','Pemanfaatan barang/jasa dilakukan tidak sesuai dengan rencana yang ditetapkan','44e56e5f-cbc4-c86f-8e5e-781ceaf755f3','303',3,NULL,NULL,NULL,NULL,NULL,NULL),('c454731b-48ac-1e04-4c59-0d7e27d42b4d','20205','Penetapan/pelaksanaan kebijakan tidak tepat atau belum dilakukan berakibat hilangnya potensi penerimaan/pendapatan','5ec69461-1989-1316-db17-4985daaf4524','202',3,NULL,NULL,NULL,NULL,NULL,NULL),('cca53fd5-9f2b-d178-0f92-ccc82f2e79c5','10301','Penerimaan negara/daerah atau denda keterlambatan pekerjaan belum/tidak ditetapkan dipungut/diterima/disetor ke kas negara/daerah atau perusahaan milik negara/daerah','bf622615-bc23-7a8f-7123-598b0394e574','103',3,NULL,NULL,NULL,NULL,NULL,NULL),('cfcee535-3231-207a-903d-f40718ba66aa','10302','Penggunaan langsung penerimaan negara/daerah','bf622615-bc23-7a8f-7123-598b0394e574','103',3,NULL,NULL,NULL,NULL,NULL,NULL),('cffea8e8-d9be-efdb-ec86-1fc35d675a16','30308','Penggunaan biaya promosi/pemasaran tidak efektif','44e56e5f-cbc4-c86f-8e5e-781ceaf755f3','303',3,NULL,NULL,NULL,NULL,NULL,NULL),('d0c93347-0030-b85e-0ad5-e5e866738c37','30305','Pelaksanaan kegiatan terlambat/terhambat sehingga mempengaruhi pencapaian tujuan organisasi','44e56e5f-cbc4-c86f-8e5e-781ceaf755f3','303',3,NULL,NULL,NULL,NULL,NULL,NULL),('d10d2d2b-a758-431e-d73f-e7cf6ac66ab8','20305','Tidak ada pemisahan tugas dan fungsi yang memadai','d81a4342-297d-021f-4903-91557f3aef7e','203',3,NULL,NULL,NULL,NULL,NULL,NULL),('d2e23336-fdfc-731f-2708-f9dae5e30ed2','20104','Sistem informasi akuntansi dan pelaporan tidak memadai','e06391a2-a0ca-a76c-2e75-d611c4cf28e6','201',3,NULL,NULL,NULL,NULL,NULL,NULL),('d475ca66-aeca-1f19-9c94-22f8d3416b8d','20303','Entitas tidak memiliki satuan pengawas intern','d81a4342-297d-021f-4903-91557f3aef7e','203',3,NULL,NULL,NULL,NULL,NULL,NULL),('d493fe86-63e5-bcc7-aded-ace2da0b8159','20204','Pelaksanaan belanja di luar mekanisme APBN/APBD','5ec69461-1989-1316-db17-4985daaf4524','202',3,NULL,NULL,NULL,NULL,NULL,NULL),('d81a4342-297d-021f-4903-91557f3aef7e','203','Kelemahan struktur pengendalian intern','7998677f-0868-63f8-db47-df7bc35a8ef5','2',2,'2020-11-25 02:36:37','2020-11-25 02:36:37',NULL,NULL,NULL,NULL),('ddc76faf-03f7-f80e-9b67-6182933bfe75','30306','Pelayanan kepada masyarakat tidak optimal','44e56e5f-cbc4-c86f-8e5e-781ceaf755f3','303',3,NULL,NULL,NULL,NULL,NULL,NULL),('e01f1b9a-ef35-7d0d-578b-3d1b3e69f584','10103','Kekurangan volume pekerjaan dan/atau barang','8768f52e-638d-aebf-9425-7bfc5241dcee','101',3,'2020-11-25 02:39:47','2020-11-25 02:39:47',NULL,NULL,NULL,NULL),('e06391a2-a0ca-a76c-2e75-d611c4cf28e6','201','Kelemahan sistem pengendalian akuntansi dan pelaporan','7998677f-0868-63f8-db47-df7bc35a8ef5','2',2,'2020-11-25 02:35:07','2020-11-25 02:35:07',NULL,NULL,NULL,NULL),('e4279c11-45e1-cda9-6771-c5a6d245ae20','10401','Pertanggungjawaban tidak akuntabel (bukti tidak lengkap/tidak valid)','72ead6cb-a84a-2bac-9270-e2220b8aefea','104',3,NULL,NULL,NULL,NULL,NULL,NULL),('e8527668-1231-248f-f108-23b60b92ecba','10205','Aset tidak diketahui keberadaannya','2a56ac2e-1305-663f-3ddb-7e5d02dfbfc4','102',3,NULL,NULL,NULL,NULL,NULL,NULL),('ebd2a4a7-2678-518d-06e9-97771c9f5eb4','10304','Penerimaan negara/daerah diterima atau digunakan oleh instansi yang tidak berhak','bf622615-bc23-7a8f-7123-598b0394e574','103',3,NULL,NULL,NULL,NULL,NULL,NULL),('ed749a9a-4648-705d-0dec-cf5f5c509e0d','20201','Perencanaan kegiatan tidak memadai','5ec69461-1989-1316-db17-4985daaf4524','202',3,NULL,NULL,NULL,NULL,NULL,NULL),('eeed990a-7964-2b54-48cb-7c83d26af77f','20304','Satuan pengawas intern yang ada tidak memadai atau tidak berjalan optimal','d81a4342-297d-021f-4903-91557f3aef7e','203',3,NULL,NULL,NULL,NULL,NULL,NULL),('f893e33e-3e24-5e4d-3183-97ec4d2b784b','10202','Rekanan belum melaksanakan kewajiban pemeliharaan barang hasil pengadaan yang telah rusak selama masa pemeliharaan','2a56ac2e-1305-663f-3ddb-7e5d02dfbfc4','102',3,NULL,NULL,NULL,NULL,NULL,NULL),('fcbe8416-08aa-03bc-e076-619a4fbc9673','30102','Penetapan kualitas dan kuantitas barang/jasa yang digunakan tidak sesuai standar','3612668f-50e0-9c7b-95e7-d6de4ed1524c','301',3,NULL,NULL,NULL,NULL,NULL,NULL),('ffdf6b29-0da0-78e5-860e-ac7e028eade9','30303','Barang yang dibeli belum/tidak dapat dimanfaatkan','44e56e5f-cbc4-c86f-8e5e-781ceaf755f3','303',3,NULL,NULL,NULL,NULL,NULL,NULL);

/*Table structure for table `laporan` */

DROP TABLE IF EXISTS `laporan`;

CREATE TABLE `laporan` (
  `id` varchar(50) NOT NULL,
  `no_laporan` varchar(50) DEFAULT NULL,
  `tanggal_laporan` date DEFAULT NULL,
  `nama_laporan` varchar(100) DEFAULT NULL,
  `no_surat_tugas` varchar(50) DEFAULT NULL,
  `tanggal_surat_tugas` date DEFAULT NULL,
  `unit_pelaksana` varchar(100) DEFAULT NULL,
  `nip_pimpinan` varchar(50) DEFAULT NULL,
  `pimpinan_satuan_kerja` varchar(100) DEFAULT NULL,
  `nama_satuan_kerja` varchar(100) DEFAULT NULL,
  `tahun_anggaran` year(4) DEFAULT NULL,
  `nilai_anggaran` bigint(20) DEFAULT NULL,
  `realisasi_anggaran` bigint(20) DEFAULT NULL,
  `audit_anggaran` varchar(100) DEFAULT NULL,
  `jenis_anggaran` varchar(100) DEFAULT NULL,
  `ketua_tim` varchar(50) DEFAULT NULL,
  `id_satuan_kerja` varchar(50) DEFAULT NULL,
  `created_at` datetime DEFAULT NULL,
  `updated_at` datetime DEFAULT NULL,
  `deleted_at` datetime DEFAULT NULL,
  PRIMARY KEY (`id`),
  KEY `tim` (`ketua_tim`),
  KEY `id_satuan_kerja` (`id_satuan_kerja`)
) ENGINE=InnoDB DEFAULT CHARSET=latin1;

/*Data for the table `laporan` */

insert  into `laporan`(`id`,`no_laporan`,`tanggal_laporan`,`nama_laporan`,`no_surat_tugas`,`tanggal_surat_tugas`,`unit_pelaksana`,`nip_pimpinan`,`pimpinan_satuan_kerja`,`nama_satuan_kerja`,`tahun_anggaran`,`nilai_anggaran`,`realisasi_anggaran`,`audit_anggaran`,`jenis_anggaran`,`ketua_tim`,`id_satuan_kerja`,`created_at`,`updated_at`,`deleted_at`) values ('12f596f3-f3f6-982e-ed30-f97c44b5028c','1','2020-12-03','Laporan Hasil pemeriksaan BPK','19391/ST/BPK/2019','2020-12-03','BPK','13917931748108410740','Suryo','BPK',2020,2000000000,1500000000,'Januari - Desember 2020','APBN','b1089c7e-32bf-706e-29be-5b51549c6e5e','a4acf9a8-a709-ac81-e513-2ad247d0e638','2020-12-03 22:29:10','2020-12-03 22:29:10',NULL),('5d157828-a6c8-640b-4d3b-286c5c2f6e9a','2','2020-12-03','Kepatuhan','19391/ST/BPK/2018','2020-12-03','BPK','13917931748108410740','Suryo','BPK',2019,3000000000,2750000000,'Januair - Desember 2020','APBN','d183c25c-6140-85c5-d313-86c0dc59f7b7','a4acf9a8-a709-ac81-e513-2ad247d0e638','2020-12-03 22:40:32','2020-12-03 22:40:32',NULL);

/*Table structure for table `pegawai` */

DROP TABLE IF EXISTS `pegawai`;

CREATE TABLE `pegawai` (
  `id` varchar(50) NOT NULL,
  `nip` varchar(50) DEFAULT NULL,
  `nama` varchar(100) DEFAULT NULL,
  `jabatan` varchar(50) DEFAULT NULL,
  `id_satuan_kerja` varchar(50) DEFAULT NULL,
  `id_user` varchar(50) DEFAULT NULL,
  `type` varchar(20) DEFAULT NULL,
  `created_at` datetime DEFAULT NULL,
  `updated_at` datetime DEFAULT NULL,
  `deleted_at` datetime DEFAULT NULL,
  PRIMARY KEY (`id`)
) ENGINE=InnoDB DEFAULT CHARSET=latin1;

/*Data for the table `pegawai` */

insert  into `pegawai`(`id`,`nip`,`nama`,`jabatan`,`id_satuan_kerja`,`id_user`,`type`,`created_at`,`updated_at`,`deleted_at`) values ('b1089c7e-32bf-706e-29be-5b51549c6e5e','10110696','Edi Yulianto',NULL,NULL,'c638abc5-f98f-22a6-dd98-9bafba4a8a43','AUDITOR','2020-12-03 07:32:46','2020-12-03 22:25:32',NULL),('d183c25c-6140-85c5-d313-86c0dc59f7b7','10110740','Suenah',NULL,NULL,'657ade17-d093-e79f-3154-4d71556753d5','AUDITOR','2020-12-03 14:12:19','2020-12-03 14:12:19',NULL),('dea2b52c-ad00-fdc1-7164-8d7c557c2682','10110736','Abdul Kohar',NULL,NULL,'fd7cf315-fe5b-41b7-50b3-b02b9a993f60','AUDITOR','2020-12-03 07:33:22','2020-12-03 07:33:22',NULL),('e1442868-4ec7-cc76-03b1-bc1641630dff','10110738','Auditee',NULL,'a4acf9a8-a709-ac81-e513-2ad247d0e638','4a7dc494-e3fa-2add-5bcb-a9fdc53ca7d0','AUDITEE','2020-11-26 17:12:47','2020-11-26 17:12:47',NULL),('f8b4fad4-b543-38fa-5cb7-41757de8efb2','10110736','Auditor',NULL,NULL,'7b283bee-199e-7f08-b5e6-82d9f819d47b','AUDITOR','2020-11-26 18:29:00','2020-11-26 18:29:00',NULL);

/*Table structure for table `penanggung_jawab` */

DROP TABLE IF EXISTS `penanggung_jawab`;

CREATE TABLE `penanggung_jawab` (
  `id` varchar(50) NOT NULL,
  `id_rekomendasi` varchar(50) DEFAULT NULL,
  `nama_penanggung_jawab` varchar(100) DEFAULT NULL,
  `created_at` datetime DEFAULT NULL,
  `updated_at` datetime DEFAULT NULL,
  `deleted_at` datetime DEFAULT NULL,
  PRIMARY KEY (`id`)
) ENGINE=InnoDB DEFAULT CHARSET=latin1;

/*Data for the table `penanggung_jawab` */

insert  into `penanggung_jawab`(`id`,`id_rekomendasi`,`nama_penanggung_jawab`,`created_at`,`updated_at`,`deleted_at`) values ('240c4148-2ce5-c2e5-98c1-ba9af2f8066a','b0bf1b7a-5fa0-7a60-c659-f465667d6838','Erick Ricky Susanto',NULL,NULL,NULL),('49896576-a334-07bd-7a95-e16b75159fb6','74105da7-6c2a-0ae0-84e3-2ddd842fff33','Dadan Setiadi',NULL,NULL,NULL),('869397b3-6a99-944b-ae09-b01a4e037263','74105da7-6c2a-0ae0-84e3-2ddd842fff33','Taufik Ramadhan',NULL,NULL,NULL),('92f9a01b-a0bc-f70a-a836-377e12000f83','b0bf1b7a-5fa0-7a60-c659-f465667d6838','Angga Setiadi',NULL,NULL,NULL),('ed8a9459-933f-d003-740b-17793e9a6d55','74105da7-6c2a-0ae0-84e3-2ddd842fff33','Fahmi Jafar',NULL,NULL,NULL);

/*Table structure for table `permissions` */

DROP TABLE IF EXISTS `permissions`;

CREATE TABLE `permissions` (
  `id` varchar(50) NOT NULL,
  `name` varchar(100) DEFAULT NULL,
  `uri` varchar(255) NOT NULL,
  `active` int(1) unsigned DEFAULT 1,
  `created_at` datetime DEFAULT NULL,
  `updated_at` datetime DEFAULT NULL,
  `deleted_at` datetime DEFAULT NULL,
  `created_by` varchar(50) DEFAULT NULL,
  `updated_by` varchar(50) DEFAULT NULL,
  `deleted` int(11) DEFAULT 0,
  PRIMARY KEY (`id`)
) ENGINE=InnoDB DEFAULT CHARSET=utf8;

/*Data for the table `permissions` */

insert  into `permissions`(`id`,`name`,`uri`,`active`,`created_at`,`updated_at`,`deleted_at`,`created_by`,`updated_by`,`deleted`) values ('011272f8-af48-adeb-87dc-45238df8de13','permission/detail','permission/detail',1,NULL,NULL,NULL,NULL,NULL,0),('02afee87-ca5f-29e9-0eea-44bce6379f99','auditor/save','auditor/save',1,NULL,NULL,NULL,NULL,NULL,0),('043311b3-a993-bc4f-1730-9eb1fda4c0ce','section/detail','section/detail',1,NULL,NULL,NULL,NULL,NULL,0),('04912205-9620-f291-ab8f-f0aaf8bbc277','user/profile_update','user/profile_update',1,NULL,NULL,NULL,NULL,NULL,0),('05bf14ce-8400-5ea3-842a-3b3e4643a6b7','generatemodule/createController','generatemodule/createController',1,NULL,NULL,NULL,NULL,NULL,0),('05caec79-3e39-031e-527d-4c04390c696b','laporan/update','laporan/update',1,NULL,NULL,NULL,NULL,NULL,0),('064fdf3a-d101-0a61-cbfb-251aee8c0ee8','bukti/save','bukti/save',1,NULL,NULL,NULL,NULL,NULL,0),('06756c4c-9f27-87ea-230f-004963037a0c','employee/create','employee/create',1,NULL,NULL,NULL,NULL,NULL,0),('06d48307-0571-4537-6958-8862b5b1809e','employee','employee',1,NULL,NULL,NULL,NULL,NULL,0),('078cc9f2-4013-017f-00ab-c85564fdf5f2','position/update','position/update',1,NULL,NULL,NULL,NULL,NULL,0),('0a4b2150-f4a5-6ce1-b4f4-2d56e539e98d','employee/edit','employee/edit',1,NULL,NULL,NULL,NULL,NULL,0),('0a98e8c0-d2ef-66fc-0469-5dcdccad17bb','group/datatables','group/datatables',1,NULL,NULL,NULL,NULL,NULL,0),('0b2a4eb9-5fcd-932a-26ff-357adda13f74','department/datatables','department/datatables',1,NULL,NULL,NULL,NULL,NULL,0),('0c58bafb-ad1c-8634-c26c-47c2a6c30726','tindaklanjut/tolak','tindaklanjut/tolak',1,NULL,NULL,NULL,NULL,NULL,0),('0cc91f52-7a50-8d2d-33f9-2447f99ef2cb','eselon/save','eselon/save',1,NULL,NULL,NULL,NULL,NULL,0),('0d7223b8-690a-46f7-0919-53dd2aac363e','laporan/list','laporan/list',1,NULL,NULL,NULL,NULL,NULL,0),('0e8218e0-b72b-90fb-315c-c0c8711f0eb0','temuan/update','temuan/update',1,NULL,NULL,NULL,NULL,NULL,0),('1283d910-de9c-6ae0-3601-f6d6c408e764','rekomendasi','rekomendasi',1,NULL,NULL,NULL,NULL,NULL,0),('13657de7-ff77-c499-b6e9-d6eedf568294','bukti/edit','bukti/edit',1,NULL,NULL,NULL,NULL,NULL,0),('13ae0f01-d1da-e442-49f3-261c781a8729','bukti/update','bukti/update',1,NULL,NULL,NULL,NULL,NULL,0),('13b0447f-d6f8-074a-5829-bab4a88a6248','generatemodule/createModel','generatemodule/createModel',1,NULL,NULL,NULL,NULL,NULL,0),('1413a265-7460-e880-7cc7-6b284b56042d','directorate/delete','directorate/delete',1,NULL,NULL,NULL,NULL,NULL,0),('16bbd3ff-af16-4f22-c555-95b03fa05ef9','generatemodule/createViewDetail','generatemodule/createViewDetail',1,NULL,NULL,NULL,NULL,NULL,0),('17a603aa-4f7b-0942-27b9-d80f3d3c8e13','eselon/edit','eselon/edit',1,NULL,NULL,NULL,NULL,NULL,0),('17aa3771-a467-36e3-b5ba-08b385d2d2fa','user/profile','user/profile',1,NULL,NULL,NULL,NULL,NULL,0),('186306bb-3f4c-043a-ede3-88e8555ea7c8','jenisrekomendasi/create','jenisrekomendasi/create',1,NULL,NULL,NULL,NULL,NULL,0),('1ab59ec1-caed-05a8-2b36-76b6460061e1','laporanauditee/updatetindaklanjut','laporanauditee/updatetindaklanjut',1,NULL,NULL,NULL,NULL,NULL,0),('1bd8a4eb-fa2d-4f65-2dc2-f7b2055a75e4','dashboard/getDataPieChartStock','dashboard/getDataPieChartStock',1,NULL,NULL,NULL,NULL,NULL,0),('1bfa8e2c-f43c-2105-6ab0-806d9e9eca0a','temuan/create','temuan/create',1,NULL,NULL,NULL,NULL,NULL,0),('1e971dd6-f72a-6a8d-1079-a8f51b4539a6','position/delete','position/delete',1,NULL,NULL,NULL,NULL,NULL,0),('203c02c4-b825-d7dc-77b9-88b482303e6e','satuankerja/datatables','satuankerja/datatables',1,NULL,NULL,NULL,NULL,NULL,0),('208a1309-f846-ce4a-fb07-f85fc3e3e181','user/delete','user/delete',1,NULL,NULL,NULL,NULL,NULL,0),('2391013a-4f1d-e10e-14ec-2fa36466c322','jenisrekomendasi/update','jenisrekomendasi/update',1,NULL,NULL,NULL,NULL,NULL,0),('260e1bf5-897e-cfdf-45e1-e4c247042f07','user/create','user/create',1,NULL,NULL,NULL,NULL,NULL,0),('260e3c23-8a47-8a37-f8c5-1e17d47734ff','dashboard/singleMovingAverage','dashboard/singleMovingAverage',1,NULL,NULL,NULL,NULL,NULL,0),('278fca0c-d2d2-2d11-8a56-44f325111632','directorate/save','directorate/save',1,NULL,NULL,NULL,NULL,NULL,0),('27deb9e8-1970-0d56-5b50-2bb8e07869dc','auditee/ajaxGetKabupatenByProvinsiId','auditee/ajaxGetKabupatenByProvinsiId',1,NULL,NULL,NULL,NULL,NULL,0),('2b166bbd-ad30-4c67-2ded-9c8f55ee003b','auditee','auditee',1,NULL,NULL,NULL,NULL,NULL,0),('2b96cb6e-3649-543b-d070-b126945b490a','rekomendasi/update','rekomendasi/update',1,NULL,NULL,NULL,NULL,NULL,0),('2be53642-2572-3c72-e15c-0fa593fae57e','position','position',1,NULL,NULL,NULL,NULL,NULL,0),('2bf5a79f-7ecf-8cd8-a226-188cc50f530f','eselon/update','eselon/update',1,NULL,NULL,NULL,NULL,NULL,0),('2bf7baec-27ac-b430-88af-0c71279dbc11','auth/logout','auth/logout',1,NULL,NULL,NULL,NULL,NULL,0),('2c502465-34e0-ca6d-8545-f6163de582cb','rekomendasi/datatables','rekomendasi/datatables',1,NULL,NULL,NULL,NULL,NULL,0),('2dddf93f-9028-1c64-7519-9120937adc64','section','section',1,NULL,NULL,NULL,NULL,NULL,0),('2e0580a3-e1d5-2dcf-c5e7-e98d7c4ddb7c','import/employee','import/employee',1,NULL,NULL,NULL,NULL,NULL,0),('2f6ef073-91a6-d6d0-70d2-463d56120cb2','auditee/save','auditee/save',1,NULL,NULL,NULL,NULL,NULL,0),('2fb363c1-3be7-dd00-4e8b-0025159b38a2','employee/update','employee/update',1,NULL,NULL,NULL,NULL,NULL,0),('306614ef-7cf0-8dc9-846f-f787be1a8a95','group','group',1,NULL,NULL,NULL,NULL,NULL,0),('3204c77f-5ece-48f0-19fe-1266202e9647','forgotpassword/submit','forgotpassword/submit',1,NULL,NULL,NULL,NULL,NULL,0),('32f6d145-4ada-aff0-3931-8becf5d01694','department/save','department/save',1,NULL,NULL,NULL,NULL,NULL,0),('377b8ae9-fb38-7564-34ae-e3497bb7ad0e','jenistemuan/detail','jenistemuan/detail',1,NULL,NULL,NULL,NULL,NULL,0),('378fafaa-df3e-91f0-b2dd-d421be06d6ab','import/department','import/department',1,NULL,NULL,NULL,NULL,NULL,0),('37c27902-c078-ff2f-3b16-3eb2dd33ce78','satuankerja/delete','satuankerja/delete',1,NULL,NULL,NULL,NULL,NULL,0),('3b71cc4a-3599-4c87-d711-35dce8420a07','satuankerja/save','satuankerja/save',1,NULL,NULL,NULL,NULL,NULL,0),('3bacacf8-7c14-557a-1a0f-9a7ec28a625f','sebab/update','sebab/update',1,NULL,NULL,NULL,NULL,NULL,0),('3cb44cf9-695d-9ddb-e581-f9b0ff6140c5','division','division',1,NULL,NULL,NULL,NULL,NULL,0),('3d09f70b-f254-92c2-cb7e-cfd7946e59f1','tindaklanjut','tindaklanjut',1,NULL,NULL,NULL,NULL,NULL,0),('3e3823bc-4596-68d7-7229-dd12e9151491','jenistemuan/edit','jenistemuan/edit',1,NULL,NULL,NULL,NULL,NULL,0),('415908a7-f11a-1e50-0402-34361ddfd76b','forgotpassword/redirectAfterSubmit','forgotpassword/redirectAfterSubmit',1,NULL,NULL,NULL,NULL,NULL,0),('420532c2-d7e0-a90c-8285-2917a2e8851b','auditee/edit','auditee/edit',1,NULL,NULL,NULL,NULL,NULL,0),('45298dde-ee12-3aa3-212c-1bb2e2623b33','division/detail','division/detail',1,NULL,NULL,NULL,NULL,NULL,0),('4713f555-5bcc-d71a-a583-70bd0181245b','laporan/create','laporan/create',1,NULL,NULL,NULL,NULL,NULL,0),('4bf53fe0-d684-7e41-a7fa-c0aff23e0b32','import/section','import/section',1,NULL,NULL,NULL,NULL,NULL,0),('4ca39844-0c66-fa7d-7fa6-f11cad65acf9','auth/redirectForbiddenAccess','auth/redirectForbiddenAccess',1,NULL,NULL,NULL,NULL,NULL,0),('4cce34e6-ea1f-3964-8747-465b7128d5ea','section/save','section/save',1,NULL,NULL,NULL,NULL,NULL,0),('4e45ab9e-a35d-7495-c186-74582f4c69f8','department/delete','department/delete',1,NULL,NULL,NULL,NULL,NULL,0),('4f0cc249-357f-21c8-1736-958fa52c5698','tindaklanjut/save','tindaklanjut/save',1,NULL,NULL,NULL,NULL,NULL,0),('500d2514-029a-e4ea-2e0f-b64417c8a2e8','laporanauditee/updatebukti','laporanauditee/updatebukti',1,NULL,NULL,NULL,NULL,NULL,0),('55148f38-0403-e31d-245d-9f7fa0c8f59c','laporanauditee/createbukti','laporanauditee/createbukti',1,NULL,NULL,NULL,NULL,NULL,0),('5514a258-3a8c-71fc-7d6d-7a493c323f46','laporan/ajaxGetEselon3','laporan/ajaxGetEselon3',1,NULL,NULL,NULL,NULL,NULL,0),('56216547-0cd7-cf57-a9c3-1e3690015b92','report/excel','report/excel',1,NULL,NULL,NULL,NULL,NULL,0),('5675e03a-d276-b1a7-13c3-01da23c261c7','laporan/save','laporan/save',1,NULL,NULL,NULL,NULL,NULL,0),('593a132d-b0de-0a86-06a3-7df7d6138347','permission/edit','permission/edit',1,NULL,NULL,NULL,NULL,NULL,0),('59e9ad6b-a36d-b41d-5dfa-a1497941a914','department','department',1,NULL,NULL,NULL,NULL,NULL,0),('5a0490a1-c950-1b70-7df8-8e6abc0bf031','laporan/datatables','laporan/datatables',1,NULL,NULL,NULL,NULL,NULL,0),('5b9ded2e-46d3-b891-c653-b8e283bbfba2','laporan/ajaxGetKabupatenByProvinsiId','laporan/ajaxGetKabupatenByProvinsiId',1,NULL,NULL,NULL,NULL,NULL,0),('5cd8d65d-56fd-f2d1-212c-9551b8a12ba8','rekomendasi/create','rekomendasi/create',1,NULL,NULL,NULL,NULL,NULL,0),('5d2d42a6-79e3-3fea-b5ba-99cfea29761e','division/delete','division/delete',1,NULL,NULL,NULL,NULL,NULL,0),('5ee37adf-284c-6ff6-4c29-4b5ebb5e6773','jenistemuan/update','jenistemuan/update',1,NULL,NULL,NULL,NULL,NULL,0),('6041170b-5b01-707c-707a-a8f5fcd9b66c','auditor','auditor',1,NULL,NULL,NULL,NULL,NULL,0),('605c03d0-9cda-a3c7-2911-ba32da999336','import/directorate','import/directorate',1,NULL,NULL,NULL,NULL,NULL,0),('60b8acad-0576-6570-b2ca-70786e5fefb5','laporan/ajaxGetEselon2','laporan/ajaxGetEselon2',1,NULL,NULL,NULL,NULL,NULL,0),('61280fa4-be12-cf43-d442-3c445912460c','group/delete','group/delete',1,NULL,NULL,NULL,NULL,NULL,0),('615080e1-0a52-015e-6995-19ce92f971c9','rekomendasi/edit','rekomendasi/edit',1,NULL,NULL,NULL,NULL,NULL,0),('62b6575a-84c6-d364-5036-23b065dbb3a2','tindaklanjut/update','tindaklanjut/update',1,NULL,NULL,NULL,NULL,NULL,0),('63307808-9596-69e2-e7f3-d0f29ff9611e','forgotpassword','forgotpassword',1,NULL,NULL,NULL,NULL,NULL,0),('65a747da-9173-1f7e-46b0-57750a8891b3','permission/delete','permission/delete',1,NULL,NULL,NULL,NULL,NULL,0),('66c4c4be-553c-fa7c-0213-c641e1e98355','rekomendasi/save','rekomendasi/save',1,NULL,NULL,NULL,NULL,NULL,0),('66d82273-f20f-95c9-afd5-6a5467c2cbbb','laporan/edit','laporan/edit',1,NULL,NULL,NULL,NULL,NULL,0),('67f714cc-09fe-feee-4a5b-ebaf73070d35','generatemodule/createMethodDatatables','generatemodule/createMethodDatatables',1,NULL,NULL,NULL,NULL,NULL,0),('6915587c-407e-4f51-ca93-80afe1a2a5f0','generatemodule/save','generatemodule/save',1,NULL,NULL,NULL,NULL,NULL,0),('694cc8c8-e14f-ff26-8a9c-ae972d66affb','section/create','section/create',1,NULL,NULL,NULL,NULL,NULL,0),('69ac60e1-a1c9-547f-1ffe-a87bcb6f6c8f','auth/signIn','auth/signIn',1,NULL,NULL,NULL,NULL,NULL,0),('6a8eb4b8-6407-b26c-4eae-f8c553b1a5eb','generatemodule','generatemodule',1,NULL,NULL,NULL,NULL,NULL,0),('6ba5aa82-eb22-945c-d331-534603fe9235','bukti','bukti',1,NULL,NULL,NULL,NULL,NULL,0),('6c59c5dc-f15c-6ed9-1c03-f26dc55bf9be','employee/delete','employee/delete',1,NULL,NULL,NULL,NULL,NULL,0),('6e47d3ee-292c-1b28-210c-65939aef36ed','auditor/create','auditor/create',1,NULL,NULL,NULL,NULL,NULL,0),('6f784176-7119-9331-d86f-a441753054f2','position/detail','position/detail',1,NULL,NULL,NULL,NULL,NULL,0),('6fc5fa73-2efb-48b8-672a-198d8967d556','group/create','group/create',1,NULL,NULL,NULL,NULL,NULL,0),('71b17d10-c92e-a1b4-8366-b7bd93283a01','laporanauditee/bukti','laporanauditee/bukti',1,NULL,NULL,NULL,NULL,NULL,0),('71d303de-238c-5be0-d7d1-66054bca4113','dashboard','dashboard',1,NULL,NULL,NULL,NULL,NULL,0),('77347ab0-6a0f-04bf-d850-a6160ed2bba8','temuan/datatables','temuan/datatables',1,NULL,NULL,NULL,NULL,NULL,0),('7a9ce0e4-9405-d418-cd6f-fe9c9d87e9c9','temuan/edit','temuan/edit',1,NULL,NULL,NULL,NULL,NULL,0),('7c2bb88d-d88f-95c5-9e8f-937a8d862f1a','satuankerja/update','satuankerja/update',1,NULL,NULL,NULL,NULL,NULL,0),('7c39a5a1-c605-9681-ff0a-49af2156d86e','laporanauditee/savebukti','laporanauditee/savebukti',1,NULL,NULL,NULL,NULL,NULL,0),('7dfc8311-000c-bb15-2be8-17c847ee88f8','position/create','position/create',1,NULL,NULL,NULL,NULL,NULL,0),('8020a826-7401-5b90-df8f-afca2e68ace8','bukti/datatables','bukti/datatables',1,NULL,NULL,NULL,NULL,NULL,0),('80411fb5-bf0b-ca21-8cc6-393a060b6999','permission/save','permission/save',1,NULL,NULL,NULL,NULL,NULL,0),('81a7610e-f044-7267-3c6b-af5e059c8114','department/create','department/create',1,NULL,NULL,NULL,NULL,NULL,0),('82461097-d738-b062-fe6a-c67699f5d066','user/detail','user/detail',1,NULL,NULL,NULL,NULL,NULL,0),('839b0b92-e801-ccc4-bb98-8edee98085c8','division/create','division/create',1,NULL,NULL,NULL,NULL,NULL,0),('8567c6ca-7002-e783-2588-0538b9d4ccb7','directorate/edit','directorate/edit',1,NULL,NULL,NULL,NULL,NULL,0),('860d064c-0d6a-98c1-e649-3da5086debd8','permission/datatables','permission/datatables',1,NULL,NULL,NULL,NULL,NULL,0),('8830c624-1dd7-0bb8-6b02-39712796f4cb','auth','auth',1,NULL,NULL,NULL,NULL,NULL,0),('8948df12-c651-cc4b-0fcc-89b8401ad5a2','import/division','import/division',1,NULL,NULL,NULL,NULL,NULL,0),('89a6ced4-10c2-93f8-e965-fb4ca19db8fb','forgotpassword/saveNewPassword','forgotpassword/saveNewPassword',1,NULL,NULL,NULL,NULL,NULL,0),('89c8eae8-ef47-e53f-15ac-6812bf30c853','sebab','sebab',1,NULL,NULL,NULL,NULL,NULL,0),('8a3bafac-86b3-ea0e-ed3e-abbfa2745668','laporanauditee/editbukti','laporanauditee/editbukti',1,NULL,NULL,NULL,NULL,NULL,0),('8bcc4df6-51af-a7d9-a776-6846f085f8a9','tindaklanjut/datatables','tindaklanjut/datatables',1,NULL,NULL,NULL,NULL,NULL,0),('8bcfade2-9bb8-ca45-8b30-f3bf8ca7c369','position/save','position/save',1,NULL,NULL,NULL,NULL,NULL,0),('8c54be8a-b984-80f9-fb28-c753e8343dea','permission','permission',1,NULL,NULL,NULL,NULL,NULL,0),('8eb4df0c-4b29-160c-893b-bde34d8c3256','division/save','division/save',1,NULL,NULL,NULL,NULL,NULL,0),('915423b2-5256-e759-e93a-3b6b9baa4bc7','permission/getAllClassMethodInAllController','permission/getAllClassMethodInAllController',1,NULL,NULL,NULL,NULL,NULL,0),('91fe5c38-1860-3efa-0566-d4d5b270a969','import','import',1,NULL,NULL,NULL,NULL,NULL,0),('92db91f7-564b-baa3-f7aa-5b5a9097479f','bukti/create','bukti/create',1,NULL,NULL,NULL,NULL,NULL,0),('931443bd-14d4-3561-0bab-83b898535cf8','satuankerja/auditi_datatables','satuankerja/auditi_datatables',1,NULL,NULL,NULL,NULL,NULL,0),('93525c1e-ee05-d08d-66b0-17665eec23dd','generatemodule/createViewCreate','generatemodule/createViewCreate',1,NULL,NULL,NULL,NULL,NULL,0),('94771c14-3fe5-52ab-ca7d-ed470ba1ef1e','auditee/create','auditee/create',1,NULL,NULL,NULL,NULL,NULL,0),('9491a3be-ff3a-1973-0527-15152855fc0e','rekomendasi/updateStatusRekomendasiSesuai','rekomendasi/updateStatusRekomendasiSesuai',1,NULL,NULL,NULL,NULL,NULL,0),('95556c22-0546-ddd2-4634-1e072c3c086d','jenisrekomendasi','jenisrekomendasi',1,NULL,NULL,NULL,NULL,NULL,0),('9562cb28-234f-faf3-57fb-403d8151589e','eselon/datatables','eselon/datatables',1,NULL,NULL,NULL,NULL,NULL,0),('95eb96c4-d677-e7c3-ae15-5ec30d0b5061','import/position','import/position',1,NULL,NULL,NULL,NULL,NULL,0),('9630f4cf-ff87-8a3b-8ace-d5c3cd4ac90f','report','report',1,NULL,NULL,NULL,NULL,NULL,0),('9a46a189-4713-72a6-c838-fc6209d3f936','tindaklanjut/terima','tindaklanjut/terima',1,NULL,NULL,NULL,NULL,NULL,0),('9b17c826-a3fb-41b7-83a0-d35bb2ed5192','laporan','laporan',1,NULL,NULL,NULL,NULL,NULL,0),('9b1fd5e5-da9c-09fe-ced0-a3174fa91722','user/datatables','user/datatables',1,NULL,NULL,NULL,NULL,NULL,0),('9b207d9f-8048-a724-6ded-ff2dad0cc1a9','user','user',1,NULL,NULL,NULL,NULL,NULL,0),('9c764f31-eb99-d46d-82e7-af377f8fa555','group/save','group/save',1,NULL,NULL,NULL,NULL,NULL,0),('9c9d83bc-82ec-0ebb-03c2-9a8d5833c1d2','group/detail','group/detail',1,NULL,NULL,NULL,NULL,NULL,0),('9d958397-b822-d308-817e-3893e0c3ca08','user/edit','user/edit',1,NULL,NULL,NULL,NULL,NULL,0),('a0a01e8c-2001-fbd3-9c6c-cc7c3b1e74be','sebab/create','sebab/create',1,NULL,NULL,NULL,NULL,NULL,0),('a0c3b466-fb94-2a55-3606-b88666367b28','jenistemuan/save','jenistemuan/save',1,NULL,NULL,NULL,NULL,NULL,0),('a1214e29-ff4b-bc56-96ab-2bcd5cf51c4c','user/update','user/update',1,NULL,NULL,NULL,NULL,NULL,0),('a207ba92-fa4d-52df-b681-77ba080d4f7d','eselon/create','eselon/create',1,NULL,NULL,NULL,NULL,NULL,0),('a31b42f6-87b7-1ee4-66c6-7afea15d79bb','permission/update','permission/update',1,NULL,NULL,NULL,NULL,NULL,0),('a658a42f-cc4f-141d-fe92-b536539a2b49','tindaklanjut/edit','tindaklanjut/edit',1,NULL,NULL,NULL,NULL,NULL,0),('a78940a0-ad25-b64b-2208-7d2ff40a75e9','home','home',1,NULL,NULL,NULL,NULL,NULL,0),('a83621bd-7014-41fe-17db-2b128d043af2','satuankerja','satuankerja',1,NULL,NULL,NULL,NULL,NULL,0),('a8fb3eea-7a50-2c30-dcf6-3c119b77cf2d','rekomendasi/detailAlasanTidakDiTL','rekomendasi/detailAlasanTidakDiTL',1,NULL,NULL,NULL,NULL,NULL,0),('a971c8b5-4b6c-2060-636f-4c4996a41bd8','satuankerja/edit','satuankerja/edit',1,NULL,NULL,NULL,NULL,NULL,0),('ac9e86dd-d94d-8c7c-3bc6-770b73331f9d','department/edit','department/edit',1,NULL,NULL,NULL,NULL,NULL,0),('afa93b47-4298-d0bf-f7f9-6513d29f489e','satuankerja/ajaxGetKabupatenByProvinsiId','satuankerja/ajaxGetKabupatenByProvinsiId',1,NULL,NULL,NULL,NULL,NULL,0),('b03662a5-8d28-80fd-651b-b212a28307db','sebab/edit','sebab/edit',1,NULL,NULL,NULL,NULL,NULL,0),('b0720eab-00dc-d203-e42a-2ce7e96bcc8e','forgotpassword/redirectSuccessSaveNewPasssword','forgotpassword/redirectSuccessSaveNewPasssword',1,NULL,NULL,NULL,NULL,NULL,0),('b090f1f4-fc1b-fb7d-3c89-fc3026976cfc','directorate/datatables','directorate/datatables',1,NULL,NULL,NULL,NULL,NULL,0),('b1af0409-0a87-c02d-d439-6af59e812f16','laporanauditee','laporanauditee',1,NULL,NULL,NULL,NULL,NULL,0),('b3529d8b-b10e-de34-7a7d-35f7849abcc4','department/update','department/update',1,NULL,NULL,NULL,NULL,NULL,0),('b353e6ca-5b95-ea66-31d3-d124805a7203','satuankerja/detail','satuankerja/detail',1,NULL,NULL,NULL,NULL,NULL,0),('b358baf9-cf9d-a45a-e76e-206c45f05436','division/edit','division/edit',1,NULL,NULL,NULL,NULL,NULL,0),('b708cf74-6f6b-c177-16bc-e0e5c892bab3','jenistemuan/delete','jenistemuan/delete',1,NULL,NULL,NULL,NULL,NULL,0),('b77f459b-eb65-5156-6436-a602331700bf','sebab/datatables','sebab/datatables',1,NULL,NULL,NULL,NULL,NULL,0),('b8369e15-bb63-7993-dc9e-116635a19298','eselon/detail','eselon/detail',1,NULL,NULL,NULL,NULL,NULL,0),('b9ea07e9-8467-28b8-c894-d7da8db4ac88','temuan/save','temuan/save',1,NULL,NULL,NULL,NULL,NULL,0),('ba4d3681-1414-88b3-bb2d-f5ca337076e9','auditor/edit','auditor/edit',1,NULL,NULL,NULL,NULL,NULL,0),('bb08aa6d-f675-2d08-fd7d-5ae6a93805c8','dashboard/datatables','dashboard/datatables',1,NULL,NULL,NULL,NULL,NULL,0),('bb73bdb5-f0cd-daf0-6295-3f30052a2b54','directorate/detail','directorate/detail',1,NULL,NULL,NULL,NULL,NULL,0),('bc3d18a9-8652-f966-33eb-4c45cbb41df6','eselon','eselon',1,NULL,NULL,NULL,NULL,NULL,0),('c16d9928-fd82-e45b-4f46-fbca2733f8a0','jenisrekomendasi/edit','jenisrekomendasi/edit',1,NULL,NULL,NULL,NULL,NULL,0),('c31d8c6f-b7de-e691-5485-dcebe61b9221','rekomendasi/tidakDapatDiTL','rekomendasi/tidakDapatDiTL',1,NULL,NULL,NULL,NULL,NULL,0),('c33600ee-2e6e-f272-90cc-75fcb96bc53b','jenisrekomendasi/delete','jenisrekomendasi/delete',1,NULL,NULL,NULL,NULL,NULL,0),('c47e581c-4498-945a-7cd8-7bd49d6df42e','employee/save','employee/save',1,NULL,NULL,NULL,NULL,NULL,0),('c48d4088-521d-5ea6-d0f4-13e1bfb2d9e7','division/update','division/update',1,NULL,NULL,NULL,NULL,NULL,0),('c5ed913f-9985-4872-e340-4ab7e5b5dbcf','section/update','section/update',1,NULL,NULL,NULL,NULL,NULL,0),('c7ad5be3-b11e-8c10-dc31-d9067c9c35b9','permission/deletedSelected','permission/deletedSelected',1,NULL,NULL,NULL,NULL,NULL,0),('c9697884-ea4e-139c-5456-18688e01196c','user/save','user/save',1,NULL,NULL,NULL,NULL,NULL,0),('c9b4309f-a57a-48e3-6dad-c22f6dcc94fa','section/datatables','section/datatables',1,NULL,NULL,NULL,NULL,NULL,0),('cb107511-c12a-cab8-bf4f-329a88464b2b','report/pdf','report/pdf',1,NULL,NULL,NULL,NULL,NULL,0),('ccc7477e-b126-fd11-de90-92b742644d37','auditor/datatables','auditor/datatables',1,NULL,NULL,NULL,NULL,NULL,0),('cd4b5430-c050-e14c-3d06-4300cc9759b5','auditee/update','auditee/update',1,NULL,NULL,NULL,NULL,NULL,0),('ce074ddb-9104-ff6c-ece6-886fab03fc71','directorate/update','directorate/update',1,NULL,NULL,NULL,NULL,NULL,0),('d09150e3-444e-5089-b2cb-b7b9c74b05c2','jenisrekomendasi/datatables','jenisrekomendasi/datatables',1,NULL,NULL,NULL,NULL,NULL,0),('d0c043c4-379f-ae9e-50c7-da4ea385d49c','generatemodule/createViewEdit','generatemodule/createViewEdit',1,NULL,NULL,NULL,NULL,NULL,0),('d36c8531-2f5e-dfcb-16f1-f0ae9a05bf19','satuankerja/create','satuankerja/create',1,NULL,NULL,NULL,NULL,NULL,0),('d4738499-c6c8-9bc1-f1a8-ec8d54bcf59f','generatemodule/formElement','generatemodule/formElement',1,NULL,NULL,NULL,NULL,NULL,0),('d7809ba7-7433-cd18-17c3-62bfd9cc0312','generatemodule/generateModule','generatemodule/generateModule',1,NULL,NULL,NULL,NULL,NULL,0),('d830027d-269c-dbbc-cfc0-fd9726be4275','employee/datatables','employee/datatables',1,NULL,NULL,NULL,NULL,NULL,0),('d831738b-b8b1-c329-54f9-659fbe0d484f','jenistemuan/create','jenistemuan/create',1,NULL,NULL,NULL,NULL,NULL,0),('d98e4740-3200-ce7c-7bcf-3b92d542c01f','laporanauditee/tindaklanjut','laporanauditee/tindaklanjut',1,NULL,NULL,NULL,NULL,NULL,0),('da4d592f-7cda-bb07-b16d-0a13374e0773','generatemodule/createViewIndex','generatemodule/createViewIndex',1,NULL,NULL,NULL,NULL,NULL,0),('dabbe784-d398-bf74-dce7-c70ed3b53624','temuan','temuan',1,NULL,NULL,NULL,NULL,NULL,0),('dadc8776-d94d-522b-eeac-466c8b6df50d','division/datatables','division/datatables',1,NULL,NULL,NULL,NULL,NULL,0),('db0fbc96-33c6-08dc-9bd0-01fabf7ec271','laporanauditee/datatables','laporanauditee/datatables',1,NULL,NULL,NULL,NULL,NULL,0),('dc1202f2-c4c2-09c0-e8c5-10be17719954','sebab/save','sebab/save',1,NULL,NULL,NULL,NULL,NULL,0),('dc2516e9-2b32-37c4-5e69-1838813a8ed8','permission/create','permission/create',1,NULL,NULL,NULL,NULL,NULL,0),('dd07084e-a487-8e26-c90e-2e8beb853ba5','group/edit','group/edit',1,NULL,NULL,NULL,NULL,NULL,0),('de403dca-1fd6-eda1-80bc-f0e256727c07','jenisrekomendasi/save','jenisrekomendasi/save',1,NULL,NULL,NULL,NULL,NULL,0),('df5eb05f-6f5e-3a76-977a-3a2e53c5881d','section/delete','section/delete',1,NULL,NULL,NULL,NULL,NULL,0),('e1655660-43c4-b0ed-68f7-5e09ba8e310b','position/edit','position/edit',1,NULL,NULL,NULL,NULL,NULL,0),('e1e7f693-042f-ec12-9c98-f63ff1ef672e','group/update','group/update',1,NULL,NULL,NULL,NULL,NULL,0),('e60d6441-26db-7cdf-b8d4-f1d2e72cf12a','directorate/create','directorate/create',1,NULL,NULL,NULL,NULL,NULL,0),('e61a556d-859d-6143-6b47-2daa7b7f79c9','dashboard/getDataSales','dashboard/getDataSales',1,NULL,NULL,NULL,NULL,NULL,0),('e7f838c1-46ec-c942-4ed0-1d8a867f1133','position/datatables','position/datatables',1,NULL,NULL,NULL,NULL,NULL,0),('e93e3b1b-3f47-816d-24c5-d4f22ead5d0d','laporanauditee/detail','laporanauditee/detail',1,NULL,NULL,NULL,NULL,NULL,0),('e97d9100-1705-897a-1ad6-e9e84a2a185b','dashboard/datatables_stock','dashboard/datatables_stock',1,NULL,NULL,NULL,NULL,NULL,0),('e9bdc6be-525e-f57a-1e72-6c6bf79ae633','auditee/datatables','auditee/datatables',1,NULL,NULL,NULL,NULL,NULL,0),('ea276850-1479-91d9-7f6b-09556b89ff20','tindaklanjut/create','tindaklanjut/create',1,NULL,NULL,NULL,NULL,NULL,0),('ebfdabfc-d0fa-052d-05b1-cc61feb0a152','employee/detail','employee/detail',1,NULL,NULL,NULL,NULL,NULL,0),('edf73361-5580-cb58-628b-4d3be399748c','laporanauditee/edittindaklanjut','laporanauditee/edittindaklanjut',1,NULL,NULL,NULL,NULL,NULL,0),('f0983e8d-db13-0ee2-129a-3a2290fa6988','forgotpassword/confirmEmailLink','forgotpassword/confirmEmailLink',1,NULL,NULL,NULL,NULL,NULL,0),('f0e3c16e-f645-a7ed-6ddc-4b7428e234a5','jenistemuan/datatables','jenistemuan/datatables',1,NULL,NULL,NULL,NULL,NULL,0),('f1a3f9b4-2abc-cb24-fee2-92b1f045c25e','jenistemuan','jenistemuan',1,NULL,NULL,NULL,NULL,NULL,0),('f366faaa-2d04-ecd7-eb58-0d0ebfb0609a','section/edit','section/edit',1,NULL,NULL,NULL,NULL,NULL,0),('f3caba2f-02a1-8fe4-4948-df7ecbf2d285','jenisrekomendasi/detail','jenisrekomendasi/detail',1,NULL,NULL,NULL,NULL,NULL,0),('f58e8fb4-f7c9-6b15-de74-420a7c324a9b','eselon/delete','eselon/delete',1,NULL,NULL,NULL,NULL,NULL,0),('f9d3d3b3-93b2-f619-dddf-150141e322ac','laporanauditee/savetindaklanjut','laporanauditee/savetindaklanjut',1,NULL,NULL,NULL,NULL,NULL,0),('fb73d6ae-40d7-0b8e-c26a-46b73b525256','department/detail','department/detail',1,NULL,NULL,NULL,NULL,NULL,0),('fbdfedd1-2c98-fcb2-997c-8ad9e40e6f93','auditor/update','auditor/update',1,NULL,NULL,NULL,NULL,NULL,0),('fd1970cf-07c3-8607-e3b8-aa70e3ae5f3e','rekomendasi/saveTidakDapatDiTL','rekomendasi/saveTidakDapatDiTL',1,NULL,NULL,NULL,NULL,NULL,0),('fdafa577-894b-1a2e-5797-5fe0a3eb3087','laporanauditee/createtindaklanjut','laporanauditee/createtindaklanjut',1,NULL,NULL,NULL,NULL,NULL,0),('fe92036c-2cea-4dab-a21e-4bead9d81b6d','directorate','directorate',1,NULL,NULL,NULL,NULL,NULL,0),('ff2599f4-8c39-d65a-d172-9faafba3dffb','auth/redirectPageNotFound','auth/redirectPageNotFound',1,NULL,NULL,NULL,NULL,NULL,0);

/*Table structure for table `rekomendasi` */

DROP TABLE IF EXISTS `rekomendasi`;

CREATE TABLE `rekomendasi` (
  `id` varchar(50) NOT NULL,
  `no_rekomendasi` varchar(50) DEFAULT NULL,
  `id_jenis_rekomendasi` varchar(50) DEFAULT NULL,
  `memo_rekomendasi` text DEFAULT NULL,
  `nilai_rekomendasi` bigint(20) DEFAULT NULL,
  `id_sebab` varchar(50) DEFAULT NULL,
  `status` varchar(20) DEFAULT 'BELUM_TL',
  `alasan_tidak_di_tl` text DEFAULT NULL,
  `lampiran_tidak_di_tl` varchar(100) DEFAULT NULL,
  `created_at` datetime DEFAULT NULL,
  `updated_at` datetime DEFAULT NULL,
  `deleted_at` datetime DEFAULT NULL,
  PRIMARY KEY (`id`),
  KEY `no_temuan` (`id_sebab`)
) ENGINE=InnoDB DEFAULT CHARSET=latin1;

/*Data for the table `rekomendasi` */

insert  into `rekomendasi`(`id`,`no_rekomendasi`,`id_jenis_rekomendasi`,`memo_rekomendasi`,`nilai_rekomendasi`,`id_sebab`,`status`,`alasan_tidak_di_tl`,`lampiran_tidak_di_tl`,`created_at`,`updated_at`,`deleted_at`) values ('74105da7-6c2a-0ae0-84e3-2ddd842fff33','1.1.1.1','9256c3fa-97f1-180b-2f49-f51e8d1bb961','BPK Merekomendasikan kepada ketua bawaslu untuk Memberikan sanksi sesuai ketentuan kepada BPP Panwaslu LN serta memerintahkan BPP agar berkoordinasi dengan 34 PUM Panwaslu LN terkait sisa dana dan pajak yang belum disetor atas transaksi PUM Panwaslu LN.',100000000,'fecb77f3-a643-8340-e867-51c3039d5aa1','BELUM_SESUAI',NULL,NULL,'2020-12-03 22:45:41','2020-12-05 10:49:32',NULL),('b0bf1b7a-5fa0-7a60-c659-f465667d6838','1.1.1.2','5d03cebc-5848-9c5e-b02c-2f395103d5a6','BPK Merekomendasikan kepada ketua bawaslu untuk, Memerintahkan Kepala Bagian Keuangan untuk melakukan verifikasi atas pengelolaan kas (penyaluran, pengembalian kas dan pajak) pada BPP dan PUM Panwaslu LN dan melaporkan hasilnya kepada BPK.',200000000,'fecb77f3-a643-8340-e867-51c3039d5aa1','BELUM_TL',NULL,NULL,'2020-12-03 22:47:24','2020-12-03 22:47:24',NULL);

/*Table structure for table `satuan_kerja` */

DROP TABLE IF EXISTS `satuan_kerja`;

CREATE TABLE `satuan_kerja` (
  `id` varchar(50) NOT NULL,
  `kode_satuan_kerja` varchar(50) DEFAULT NULL,
  `nama_satuan_kerja` varchar(100) DEFAULT NULL,
  `id_wilayah` varchar(50) DEFAULT NULL,
  `id_pimpinan` varchar(50) DEFAULT NULL,
  `created_at` datetime DEFAULT NULL,
  `updated_at` datetime DEFAULT NULL,
  `deleted_at` datetime DEFAULT NULL,
  `provinsi` varchar(50) DEFAULT NULL,
  `kabupaten` varchar(50) DEFAULT NULL,
  `nip_pimpinan` varchar(50) DEFAULT NULL,
  `jabatan` varchar(50) DEFAULT NULL,
  PRIMARY KEY (`id`),
  KEY `id_auditi` (`id_pimpinan`),
  KEY `id_wilayah` (`id_wilayah`)
) ENGINE=InnoDB DEFAULT CHARSET=latin1;

/*Data for the table `satuan_kerja` */

insert  into `satuan_kerja`(`id`,`kode_satuan_kerja`,`nama_satuan_kerja`,`id_wilayah`,`id_pimpinan`,`created_at`,`updated_at`,`deleted_at`,`provinsi`,`kabupaten`,`nip_pimpinan`,`jabatan`) values ('e04dacbe-a496-277a-adef-ad9f048a5788','SK-001','Kota Bandung - Jawa Barat','3273','cce5d04b-5afb-a349-542b-ad96eccfcc8f','2020-11-20 07:41:16','2020-11-20 07:41:16',NULL,NULL,NULL,NULL,NULL);

/*Table structure for table `sebab` */

DROP TABLE IF EXISTS `sebab`;

CREATE TABLE `sebab` (
  `id` varchar(50) NOT NULL,
  `no_sebab` varchar(50) DEFAULT NULL,
  `memo_sebab` text DEFAULT NULL,
  `id_temuan` varchar(50) DEFAULT NULL,
  `created_at` datetime DEFAULT NULL,
  `updated_at` datetime DEFAULT NULL,
  `deleted_at` datetime DEFAULT NULL,
  PRIMARY KEY (`id`),
  KEY `no_temuan` (`id_temuan`)
) ENGINE=InnoDB DEFAULT CHARSET=latin1;

/*Data for the table `sebab` */

insert  into `sebab`(`id`,`no_sebab`,`memo_sebab`,`id_temuan`,`created_at`,`updated_at`,`deleted_at`) values ('fecb77f3-a643-8340-e867-51c3039d5aa1','1.1.1','Sebab Pelaporan Kas','8725a8bc-a945-6639-1a9c-a05b7c0f5aa6','2020-12-03 22:43:18','2020-12-03 22:43:18',NULL);

/*Table structure for table `temuan` */

DROP TABLE IF EXISTS `temuan`;

CREATE TABLE `temuan` (
  `id` varchar(50) NOT NULL,
  `no_temuan` varchar(50) DEFAULT NULL,
  `memo_temuan` text DEFAULT NULL,
  `id_jenis_temuan1` varchar(50) DEFAULT NULL,
  `id_jenis_temuan2` varchar(50) DEFAULT NULL,
  `id_jenis_temuan3` varchar(50) DEFAULT NULL,
  `nilai_temuan` bigint(20) DEFAULT NULL,
  `id_laporan` varchar(50) DEFAULT NULL,
  `created_at` datetime DEFAULT NULL,
  `updated_at` datetime DEFAULT NULL,
  `deleted_at` datetime DEFAULT NULL,
  PRIMARY KEY (`id`),
  KEY `no_laporan` (`id_laporan`)
) ENGINE=InnoDB DEFAULT CHARSET=latin1;

/*Data for the table `temuan` */

insert  into `temuan`(`id`,`no_temuan`,`memo_temuan`,`id_jenis_temuan1`,`id_jenis_temuan2`,`id_jenis_temuan3`,`nilai_temuan`,`id_laporan`,`created_at`,`updated_at`,`deleted_at`) values ('8725a8bc-a945-6639-1a9c-a05b7c0f5aa6','1.1','Penatausahaan dan Pelaporan Kas oleh Bendahara Pengeluaran Pembantu Panitia Pengawas Pemilu Luar Negeri Belum Tertib','7998677f-0868-63f8-db47-df7bc35a8ef5','e06391a2-a0ca-a76c-2e75-d611c4cf28e6','9076fd8d-5280-85ac-2f3d-7ce002c9eca5',1000000000,'12f596f3-f3f6-982e-ed30-f97c44b5028c','2020-12-03 22:37:44','2020-12-03 22:37:44',NULL),('cf42f9ec-f88b-af5c-e3fa-0643f80b9e00','2.1','Realisasi Belanja Perjalanan Dinas Pada Bawaslu Tidak Sesuai Ketentuan Senilai Rp127,64Juta','a197d8db-2947-b63e-2ac5-5e8b6e02a35a','bf622615-bc23-7a8f-7123-598b0394e574','ebd2a4a7-2678-518d-06e9-97771c9f5eb4',1500000000,'5d157828-a6c8-640b-4d3b-286c5c2f6e9a','2020-12-03 22:41:08','2020-12-03 22:41:08',NULL),('db176b51-ceca-7057-e58a-ba678f233021','2.2','Pemberian Honorarium Narasumber/Moderator, Panitia Kegiatan dan Uang Saku Kegiatan Rapat Tidak Sesuai Ketentuan','a197d8db-2947-b63e-2ac5-5e8b6e02a35a','bf622615-bc23-7a8f-7123-598b0394e574','cfcee535-3231-207a-903d-f40718ba66aa',1000000000,'5d157828-a6c8-640b-4d3b-286c5c2f6e9a','2020-12-03 22:41:43','2020-12-03 22:41:43',NULL),('efe33d03-0c48-5224-2f04-fc975d0ed02c','1.2','Terdapat Barang Milik Negara yang Hilang dan Belum Ditindaklanjuti Proses Penyelesaiannya','7998677f-0868-63f8-db47-df7bc35a8ef5','5ec69461-1989-1316-db17-4985daaf4524','9fff514a-6de2-9512-818a-d27ac3a582f5',1500000000,'12f596f3-f3f6-982e-ed30-f97c44b5028c','2020-12-03 22:38:47','2020-12-03 22:38:47',NULL);

/*Table structure for table `tim` */

DROP TABLE IF EXISTS `tim`;

CREATE TABLE `tim` (
  `id` varchar(50) NOT NULL,
  `id_laporan` varchar(50) DEFAULT NULL,
  `id_auditor` varchar(50) DEFAULT NULL,
  `created_at` datetime DEFAULT NULL,
  `updated_at` datetime DEFAULT NULL,
  `deleted_at` datetime DEFAULT NULL,
  PRIMARY KEY (`id`)
) ENGINE=InnoDB DEFAULT CHARSET=latin1;

/*Data for the table `tim` */

insert  into `tim`(`id`,`id_laporan`,`id_auditor`,`created_at`,`updated_at`,`deleted_at`) values ('2dd9063a-38fb-3d85-8de0-b774aa80fb89','5d157828-a6c8-640b-4d3b-286c5c2f6e9a','b1089c7e-32bf-706e-29be-5b51549c6e5e',NULL,NULL,NULL),('40d05e9c-e5c6-e499-c73d-5e9719ff2ab9','12f596f3-f3f6-982e-ed30-f97c44b5028c','d183c25c-6140-85c5-d313-86c0dc59f7b7',NULL,NULL,NULL),('557d5e55-3a2b-440e-f822-db210f51976f','5d157828-a6c8-640b-4d3b-286c5c2f6e9a','dea2b52c-ad00-fdc1-7164-8d7c557c2682',NULL,NULL,NULL),('fc0c9462-e42f-25e5-5976-233c6ea67fc2','12f596f3-f3f6-982e-ed30-f97c44b5028c','dea2b52c-ad00-fdc1-7164-8d7c557c2682',NULL,NULL,NULL);

/*Table structure for table `tindak_lanjut` */

DROP TABLE IF EXISTS `tindak_lanjut`;

CREATE TABLE `tindak_lanjut` (
  `id` varchar(50) NOT NULL,
  `no_tindak_lanjut` varchar(50) DEFAULT NULL,
  `nilai_rekomendasi` bigint(20) DEFAULT NULL,
  `nilai_tindak_lanjut` bigint(20) DEFAULT NULL,
  `nilai_terverifikasi` bigint(20) DEFAULT NULL,
  `nilai_sisa_rekomendasi` bigint(20) DEFAULT NULL,
  `id_rekomendasi` varchar(50) DEFAULT NULL,
  `remark_auditor` text DEFAULT NULL,
  `remark_auditee` text DEFAULT NULL,
  `status` varchar(20) DEFAULT NULL,
  `read_status` int(11) DEFAULT 0,
  `created_at` datetime DEFAULT NULL,
  `updated_at` datetime DEFAULT NULL,
  `deleted_at` datetime DEFAULT NULL,
  PRIMARY KEY (`id`),
  KEY `no_rekomendasi` (`id_rekomendasi`)
) ENGINE=InnoDB DEFAULT CHARSET=latin1;

/*Data for the table `tindak_lanjut` */

insert  into `tindak_lanjut`(`id`,`no_tindak_lanjut`,`nilai_rekomendasi`,`nilai_tindak_lanjut`,`nilai_terverifikasi`,`nilai_sisa_rekomendasi`,`id_rekomendasi`,`remark_auditor`,`remark_auditee`,`status`,`read_status`,`created_at`,`updated_at`,`deleted_at`) values ('92136d48-f904-7f4b-3203-7c62ef236081','1.1.1.1.1',100000000,50000000,40000000,50000000,'74105da7-6c2a-0ae0-84e3-2ddd842fff33','yangs saya terima cuma 40 juta','test belum lunas TL',NULL,0,'2020-12-05 10:49:32','2020-12-05 23:13:36',NULL);

/*Table structure for table `user_groups` */

DROP TABLE IF EXISTS `user_groups`;

CREATE TABLE `user_groups` (
  `id` varchar(50) NOT NULL,
  `id_user` varchar(100) DEFAULT NULL,
  `id_group` varchar(255) NOT NULL,
  `created_at` datetime DEFAULT NULL,
  `updated_at` datetime DEFAULT NULL,
  `deleted_at` datetime DEFAULT NULL,
  `created_by` varchar(50) DEFAULT NULL,
  `updated_by` varchar(50) DEFAULT NULL,
  `deleted` int(11) DEFAULT 0,
  PRIMARY KEY (`id`),
  KEY `id_user` (`id_user`),
  KEY `id_group` (`id_group`)
) ENGINE=InnoDB DEFAULT CHARSET=utf8;

/*Data for the table `user_groups` */

insert  into `user_groups`(`id`,`id_user`,`id_group`,`created_at`,`updated_at`,`deleted_at`,`created_by`,`updated_by`,`deleted`) values ('1cc4e568-7714-c1bc-b4cd-ca4744d81928','4a7dc494-e3fa-2add-5bcb-a9fdc53ca7d0','ccc95e11-a95f-e106-a8e8-34fb8f5bdccf',NULL,NULL,NULL,NULL,NULL,0),('1cfb1e5f-7c6a-aa8d-bb1c-ec7fecb3740c','7b283bee-199e-7f08-b5e6-82d9f819d47b','1f20964c-c8e4-c8f6-bb00-2d092bf8bb5e','2020-11-26 18:29:00','2020-11-26 18:29:00',NULL,NULL,NULL,0),('2c1e41b8-f5e1-78f7-cf02-1797848ae42d','fd7cf315-fe5b-41b7-50b3-b02b9a993f60','1f20964c-c8e4-c8f6-bb00-2d092bf8bb5e','2020-12-03 07:33:22','2020-12-03 07:33:22',NULL,NULL,NULL,0),('7d624b70-46be-a5f6-383f-ff0a464ac953','b645b141-0450-47da-cb5a-2335d4e64021','0a065a3b-c9b3-951f-7fda-3bdc7a7944ca',NULL,NULL,NULL,NULL,NULL,0),('8cc0c309-0a9d-649b-ae88-c654f2eaea31','c638abc5-f98f-22a6-dd98-9bafba4a8a43','1f20964c-c8e4-c8f6-bb00-2d092bf8bb5e','2020-12-03 07:32:46','2020-12-03 07:32:46',NULL,NULL,NULL,0),('a3cc3303-7c83-a4bf-88ae-98476bd482d7','657ade17-d093-e79f-3154-4d71556753d5','1f20964c-c8e4-c8f6-bb00-2d092bf8bb5e','2020-12-03 14:12:19','2020-12-03 14:12:19',NULL,NULL,NULL,0),('e4a17646-2729-e8d0-5973-dd61c7df54a7','12e3bd32-0129-64f5-cf54-208fdbba48a4','0a065a3b-c9b3-951f-7fda-3bdc7a7944ca',NULL,NULL,NULL,NULL,NULL,0);

/*Table structure for table `users` */

DROP TABLE IF EXISTS `users`;

CREATE TABLE `users` (
  `id` varchar(50) CHARACTER SET utf8 NOT NULL,
  `username` varchar(100) CHARACTER SET utf8 DEFAULT NULL,
  `password` varchar(255) CHARACTER SET utf8 NOT NULL,
  `email` varchar(100) CHARACTER SET utf8 NOT NULL,
  `last_login` datetime DEFAULT NULL,
  `active` int(1) unsigned DEFAULT 1,
  `name` varchar(50) CHARACTER SET utf8 DEFAULT NULL,
  `phone` varchar(20) CHARACTER SET utf8 DEFAULT NULL,
  `image` varchar(50) CHARACTER SET utf8 DEFAULT 'default.png',
  `language` varchar(50) CHARACTER SET utf8 DEFAULT 'english',
  `created_at` datetime DEFAULT NULL,
  `updated_at` datetime DEFAULT NULL,
  `deleted_at` datetime DEFAULT NULL,
  `created_by` varchar(50) CHARACTER SET utf8 DEFAULT NULL,
  `updated_by` varchar(50) CHARACTER SET utf8 DEFAULT NULL,
  `deleted` int(11) DEFAULT 0,
  `session_id` varchar(50) CHARACTER SET utf8 DEFAULT NULL,
  `last_session` datetime DEFAULT NULL,
  `token_password` varchar(100) CHARACTER SET utf8 DEFAULT NULL,
  `token_password_expired` datetime DEFAULT NULL,
  `nip` varchar(20) DEFAULT NULL,
  PRIMARY KEY (`id`)
) ENGINE=InnoDB DEFAULT CHARSET=latin1;

/*Data for the table `users` */

insert  into `users`(`id`,`username`,`password`,`email`,`last_login`,`active`,`name`,`phone`,`image`,`language`,`created_at`,`updated_at`,`deleted_at`,`created_by`,`updated_by`,`deleted`,`session_id`,`last_session`,`token_password`,`token_password_expired`,`nip`) values ('12e3bd32-0129-64f5-cf54-208fdbba48a4','tarkiman','928fe970463574b152f07f98b72dddf8221ee312','tarkiman.zone@gmail.com',NULL,1,'Tarkiman',NULL,'tarkiman.jpg','english','2020-11-22 01:14:16','2020-11-26 17:01:55',NULL,NULL,NULL,0,NULL,NULL,NULL,NULL,NULL),('4a7dc494-e3fa-2add-5bcb-a9fdc53ca7d0','auditee','b1b6302758ccf30b9feff189436c31937ada8325','suenahwati@gmail.com',NULL,1,'Auditee',NULL,'tarkiman.jpg','english','2020-11-26 17:12:47','2020-11-26 20:21:57',NULL,NULL,NULL,0,NULL,NULL,NULL,NULL,NULL),('657ade17-d093-e79f-3154-4d71556753d5','suenah','368fa5e9ff85a8c36b8990670c3de1467e42fa85','tarkiman.mail@gmail.com',NULL,1,'Suenah',NULL,'default.png','english','2020-12-03 14:12:19','2020-12-03 14:12:19',NULL,NULL,NULL,0,NULL,NULL,NULL,NULL,NULL),('7b283bee-199e-7f08-b5e6-82d9f819d47b','auditor','fb2d634f1868a1353228c05cf0bd1273c612f10e','tarkiman_zone@yahoo.co.id',NULL,1,'Auditor',NULL,'admin.jpg','english','2020-11-26 18:29:00','2020-11-26 18:29:00',NULL,NULL,NULL,0,NULL,NULL,NULL,NULL,NULL),('b645b141-0450-47da-cb5a-2335d4e64021','admin','d033e22ae348aeb5660fc2140aec35850c4da997','tarkiman.zone@gmail.com',NULL,1,'Administrator',NULL,'0852-2224-1987.jpg','english','2020-11-21 19:57:45','2020-11-26 17:01:40',NULL,NULL,NULL,0,NULL,NULL,NULL,NULL,NULL),('c638abc5-f98f-22a6-dd98-9bafba4a8a43','edi','ba69057124cba366e4cd0873d0bf607a328010ba','tarkiman_zone@yahoo.com',NULL,1,'Edi Yulianto',NULL,'default.png','english','2020-12-03 07:32:46','2020-12-03 22:25:32',NULL,NULL,NULL,0,NULL,NULL,NULL,NULL,NULL),('fd7cf315-fe5b-41b7-50b3-b02b9a993f60','kohar','590aeae744225190d677cb2d7564e88897a6ba8b','carmud.kemen@gmail.com',NULL,1,'Abdul Kohar',NULL,'default.png','english','2020-12-03 07:33:22','2020-12-03 07:33:22',NULL,NULL,NULL,0,NULL,NULL,NULL,NULL,NULL);

/*!40101 SET SQL_MODE=@OLD_SQL_MODE */;
/*!40014 SET FOREIGN_KEY_CHECKS=@OLD_FOREIGN_KEY_CHECKS */;
/*!40014 SET UNIQUE_CHECKS=@OLD_UNIQUE_CHECKS */;
/*!40111 SET SQL_NOTES=@OLD_SQL_NOTES */;
